projection_date,projected_months,mean,std,median,mean-1std,mean+1std,projected_date,actual_rate,actual_rate_direction,classification,mean_v_median,median_accuracy
2014-07-01,1,4.371951219512195,0.16883748861249845,4.5,4.203113730899696,4.540788708124694,2014-08-01,4.25,Increasing,Within 1 std,0.12804878048780477,0
2014-08-01,1,4.5376,0.1750798792053618,4.5,4.362520120794638,4.712679879205362,2014-09-01,4.5,Increasing,Within 1 std,0.0376000000000003,1
2014-09-01,1,4.565476190476191,0.11125015496733269,4.5,4.454226035508858,4.676726345443523,2014-10-01,4.5,Neutral,Within 1 std,0.06547619047619069,1
2014-10-01,1,4.51875,0.06668669570922964,4.5,4.45206330429077,4.585436695709229,2014-11-01,4.5,Neutral,Within 1 std,0.018749999999999822,1
2014-11-01,1,4.506944444444444,0.04166666666666671,4.5,4.465277777777777,4.548611111111111,2014-12-01,4.5,Neutral,Within 1 std,0.006944444444443754,1
2014-12-01,1,4.506756756756756,0.04109974682633936,4.5,4.465657009930417,4.547856503583096,2015-01-01,4.5,Neutral,Within 1 std,0.006756756756756133,1
2015-01-01,1,4.5060975609756095,0.03904344047215155,4.5,4.467054120503458,4.545141001447761,2015-02-01,4.5,Neutral,Within 1 std,0.0060975609756095395,1
2015-02-01,1,4.4941860465116275,0.03812464258315109,4.5,4.4560614039284765,4.532310689094778,2015-03-01,4.5,Neutral,Within 1 std,0.0058139534883725474,1
2015-03-01,1,4.535714285714286,0.13033059010750336,4.5,4.4053836956067824,4.666044875821789,2015-04-01,4.5,Neutral,Within 1 std,0.03571428571428559,1
2015-04-01,1,4.511904761904762,0.07715167498104603,4.5,4.434753086923716,4.589056436885808,2015-05-01,4.5,Neutral,Within 1 std,0.011904761904761862,1
2015-05-01,1,4.524390243902439,0.10904239497754552,4.5,4.415347848924894,4.6334326388799845,2015-06-01,4.5,Neutral,Within 1 std,0.024390243902439046,1
2015-06-01,1,4.5,0.0,4.5,4.5,4.5,2015-07-01,4.5,Neutral,Within 1 std,0.0,1
2015-07-01,1,4.5,0.0,4.5,4.5,4.5,2015-08-01,4.5,Neutral,Within 1 std,0.0,1
2015-08-01,1,4.523809523809524,0.1077701343522607,4.5,4.416039389457263,4.631579658161784,2015-09-01,4.5,Neutral,Within 1 std,0.023809523809523725,1
2015-09-01,1,4.713414634146342,0.21331443640899675,4.75,4.500100197737345,4.926729070555338,2015-10-01,4.75,Increasing,Within 1 std,0.036585365853658125,1
2015-10-01,1,5.114864864864865,0.182522778207446,5.0,4.932342086657419,5.297387643072311,2015-11-01,4.75,Neutral,Below Mean - 1 std,0.11486486486486491,0
2015-11-01,1,5.676829268292682,0.2321361564296938,5.75,5.444693111862988,5.908965424722376,2015-12-01,5.5,Increasing,Within 1 std,0.07317073170731803,0
2015-12-01,1,5.924418604651163,0.19314813369636158,6.0,5.731270470954802,6.1175667383475245,2016-01-01,5.75,Increasing,Within 1 std,0.0755813953488369,0
2016-01-01,1,6.203488372093023,0.11254382682675508,6.25,6.090944545266268,6.316032198919778,2016-02-01,6.0,Increasing,Below Mean - 1 std,0.04651162790697683,0
2016-02-01,1,6.553571428571428,0.187536291493614,6.5,6.366035137077814,6.741107720065042,2016-03-01,6.25,Increasing,Below Mean - 1 std,0.05357142857142794,0
2016-03-01,1,6.670454545454546,0.11778882454698623,6.75,6.55266572090756,6.788243370001532,2016-04-01,6.5,Increasing,Below Mean - 1 std,0.07954545454545414,0
2016-04-01,1,7.022093023255814,0.15287028643256861,7.000000000000001,6.869222736823246,7.1749633096883825,2016-05-01,6.5,Neutral,Below Mean - 1 std,0.022093023255813193,0
2016-05-01,1,7.2562500000000005,0.20791624916457713,7.249999999999999,7.048333750835424,7.4641662491645775,2016-06-01,7.25,Increasing,Within 1 std,0.006250000000001421,0
2016-06-01,1,7.482142857142857,0.1501306051618784,7.5,7.332012251980978,7.6322734623047355,2016-07-01,7.5,Increasing,Within 1 std,0.017857142857143238,1
2016-07-01,1,7.726190476190477,0.18153750376420438,7.75,7.544652972426273,7.907727979954681,2016-08-01,7.75,Increasing,Within 1 std,0.023809523809522837,1
2016-08-01,1,7.83695652173913,0.14159205196176794,7.75,7.6953644697773615,7.978548573700898,2016-09-01,7.75,Neutral,Within 1 std,0.08695652173912993,1
2016-09-01,1,7.721590909090908,0.09668801858911596,7.75,7.624902890501792,7.818278927680025,2016-10-01,7.75,Neutral,Within 1 std,0.028409090909091717,1
2016-10-01,1,7.709302325581395,0.1081532279164549,7.75,7.60114909766494,7.81745555349785,2016-11-01,7.75,Neutral,Within 1 std,0.04069767441860517,1
2016-11-01,1,7.662790697674418,0.15317785463147637,7.75,7.509612843042942,7.815968552305894,2016-12-01,7.75,Neutral,Within 1 std,0.087209302325582,1
2016-12-01,1,7.619047619047619,0.15848073705842958,7.75,7.460566881989189,7.777528356106048,2017-01-01,7.5,Decreasing,Within 1 std,0.13095238095238138,0
2017-01-01,1,7.075000000000001,0.18946618668626797,7.000000000000001,6.885533813313733,7.264466186686269,2017-02-01,7.5,Neutral,Above Mean + 1 std,0.07500000000000018,0
2017-02-01,1,7.23780487804878,0.2161540214190095,7.249999999999999,7.021650856629771,7.453958899467789,2017-03-01,7.25,Decreasing,Within 1 std,0.012195121951219079,0
2017-03-01,1,6.825,0.17171831436157142,6.75,6.6532816856384285,6.996718314361572,2017-04-01,7.0,Decreasing,Above Mean + 1 std,0.07500000000000018,0
2017-04-01,1,6.461538461538462,0.13497638119975439,6.5,6.326562080338707,6.596514842738216,2017-05-01,7.0,Neutral,Above Mean + 1 std,0.038461538461538325,0
2017-05-01,1,5.9833333333333325,0.16341525465679585,6.0,5.819918078676537,6.146748587990128,2017-06-01,6.25,Decreasing,Above Mean + 1 std,0.016666666666667496,0
2017-06-01,1,5.686046511627907,0.16450704913082606,5.75,5.521539462497081,5.850553560758733,2017-07-01,6.25,Neutral,Above Mean + 1 std,0.06395348837209269,0
2017-07-01,1,5.284883720930233,0.12888481555661607,5.25,5.155998905373616,5.413768536486849,2017-08-01,5.5,Decreasing,Above Mean + 1 std,0.03488372093023262,0
2017-08-01,1,5.186046511627907,0.12311704719075289,5.25,5.062929464437154,5.3091635588186605,2017-09-01,5.25,Decreasing,Within 1 std,0.06395348837209269,1
2017-09-01,1,5.151162790697674,0.12367794780387863,5.25,5.027484842893795,5.2748407385015526,2017-10-01,5.25,Neutral,Within 1 std,0.0988372093023262,1
2017-10-01,1,5.21111111111111,0.09163222493459719,5.25,5.1194788861765135,5.302743336045707,2017-11-01,5.0,Decreasing,Below Mean - 1 std,0.03888888888888964,0
2017-11-01,1,4.930232558139535,0.1372083638310906,5.0,4.793024194308444,5.067440921970626,2017-12-01,4.75,Decreasing,Below Mean - 1 std,0.06976744186046524,0
2017-12-01,1,4.55952380952381,0.1440858886973979,4.5,4.415437920826412,4.703609698221208,2018-01-01,4.75,Neutral,Above Mean + 1 std,0.0595238095238102,0
2018-01-01,1,4.658536585365854,0.12191310379958682,4.75,4.536623481566267,4.780449689165441,2018-02-01,4.5,Decreasing,Below Mean - 1 std,0.09146341463414576,0
2018-02-28,1,4.451219512195122,0.10030441470721052,4.5,4.350915097487912,4.551523926902332,2018-03-28,4.5,Neutral,Within 1 std,0.04878048780487809,1
2018-03-31,1,4.28125,0.15177898067373793,4.25,4.129471019326262,4.433028980673738,2018-04-30,4.25,Decreasing,Within 1 std,0.03125,1
2018-04-30,1,4.267857142857142,0.08541250591832154,4.25,4.182444636938821,4.353269648775464,2018-05-30,4.25,Neutral,Within 1 std,0.01785714285714235,1
2018-05-31,1,4.174418604651163,0.11617520277952527,4.25,4.058243401871638,4.290593807430688,2018-06-30,4.25,Neutral,Within 1 std,0.0755813953488369,1
2018-06-30,1,4.219512195121951,0.08282364455613499,4.25,4.136688550565816,4.302335839678086,2018-07-30,4.25,Neutral,Within 1 std,0.030487804878048586,1
2018-07-31,1,4.244186046511628,0.0381246425831512,4.25,4.206061403928477,4.282310689094779,2018-08-31,4.25,Neutral,Within 1 std,0.005813953488371659,1
2018-08-31,1,4.237804878048782,0.05452119748877276,4.25,4.183283680560009,4.292326075537555,2018-09-30,4.25,Neutral,Within 1 std,0.01219512195121819,1
2018-09-30,1,4.25,0.0,4.25,4.25,4.25,2018-10-30,4.25,Neutral,Within 1 std,0.0,1
2018-10-31,1,4.25,0.0,4.25,4.25,4.25,2018-11-30,4.25,Neutral,Within 1 std,0.0,1
2018-11-30,1,4.2562500000000005,0.039528470752104666,4.25,4.216721529247896,4.295778470752105,2018-12-30,4.25,Neutral,Within 1 std,0.006250000000000533,1
2018-12-31,1,4.25609756097561,0.03904344047215144,4.25,4.217054120503459,4.295141001447762,2019-01-31,4.25,Neutral,Within 1 std,0.006097560975610428,1
2019-01-31,1,4.25,0.0,4.25,4.25,4.25,2019-02-28,4.25,Neutral,Within 1 std,0.0,1
2019-02-28,1,4.2625,0.055180356965787956,4.25,4.207319643034213,4.317680356965788,2019-03-28,4.25,Neutral,Within 1 std,0.012500000000000178,1
2019-03-31,1,4.2562500000000005,0.039528470752104666,4.25,4.216721529247896,4.295778470752105,2019-04-30,4.25,Neutral,Within 1 std,0.006250000000000533,1
2019-04-30,1,4.2562500000000005,0.039528470752104666,4.25,4.216721529247896,4.295778470752105,2019-05-30,4.25,Neutral,Within 1 std,0.006250000000000533,1
2019-05-31,1,4.26219512195122,0.054521197488772606,4.25,4.207673924462448,4.316716319439992,2019-06-30,4.25,Neutral,Within 1 std,0.012195121951219967,1
2019-06-30,1,4.2562500000000005,0.039528470752104666,4.25,4.216721529247896,4.295778470752105,2019-07-30,4.25,Neutral,Within 1 std,0.006250000000000533,1
2019-07-31,1,4.25,0.0,4.25,4.25,4.25,2019-08-31,4.25,Neutral,Within 1 std,0.0,1
2019-08-31,1,4.267441860465117,0.06444240777830826,4.25,4.202999452686808,4.331884268243425,2019-09-30,4.25,Neutral,Within 1 std,0.017441860465116754,1
2019-09-30,1,4.2682926829268295,0.06591291372046858,4.25,4.202379769206361,4.334205596647298,2019-10-30,4.25,Neutral,Within 1 std,0.018292682926829507,1
2019-10-31,1,4.2625,0.055180356965787956,4.25,4.207319643034213,4.317680356965788,2019-11-30,4.25,Neutral,Within 1 std,0.012500000000000178,1
2019-11-30,1,4.267857142857143,0.06516529505375153,4.25,4.202691847803392,4.333022437910895,2019-12-30,4.25,Neutral,Within 1 std,0.017857142857143238,1
2019-12-31,1,4.255952380952381,0.03857583749052291,4.25,4.217376543461858,4.294528218442904,2020-01-31,4.25,Neutral,Within 1 std,0.005952380952381375,1
2020-01-31,1,4.25,0.0,4.25,4.25,4.25,2020-02-29,4.25,Neutral,Within 1 std,0.0,1
2020-02-29,1,4.25,0.0,4.25,4.25,4.25,2020-03-29,4.25,Neutral,Within 1 std,0.0,1
2020-03-31,1,4.2439024390243905,0.11842461840302647,4.25,4.125477820621364,4.362327057427417,2020-04-30,3.75,Neutral,Below Mean - 1 std,0.0060975609756095395,0
2020-04-30,1,3.3310810810810816,0.2638790104046401,3.25,3.0672020706764416,3.5949600914857216,2020-05-30,3.25,Decreasing,Within 1 std,0.08108108108108159,1
2020-05-31,1,2.6687499999999997,0.3221895245714696,2.75,2.34656047542853,2.9909395245714694,2020-06-30,2.75,Decreasing,Within 1 std,0.08125000000000027,1
2020-06-30,1,2.31875,0.20402598502176772,2.25,2.1147240149782323,2.522775985021768,2020-07-30,2.5,Decreasing,Within 1 std,0.06875000000000009,0
2020-07-31,1,2.09375,0.15696949728187026,2.0,1.9367805027181297,2.25071949728187,2020-08-31,2.25,Decreasing,Within 1 std,0.09375,0
2020-08-31,1,1.9871794871794874,0.09848720777068931,2.0,1.8886922794087981,2.0856666949501768,2020-09-30,1.75,Decreasing,Below Mean - 1 std,0.012820512820512553,0
2020-09-30,1,1.8782051282051282,0.1389788282791718,2.0,1.7392262999259565,2.0171839564843,2020-10-30,1.75,Neutral,Within 1 std,0.1217948717948718,0
2020-10-31,1,1.7434210526315792,0.04055535528269067,1.7500000000000002,1.7028656973488885,1.78397640791427,2020-11-30,1.75,Neutral,Within 1 std,0.006578947368421018,0
2020-11-30,1,1.7437500000000001,0.03952847075210478,1.7500000000000002,1.7042215292478953,1.783278470752105,2020-12-30,1.75,Neutral,Within 1 std,0.006250000000000089,0
2020-12-31,1,1.7435897435897438,0.04003203845127182,1.7500000000000002,1.703557705138472,1.7836217820410156,2021-01-31,1.75,Neutral,Within 1 std,0.0064102564102563875,0
2021-01-31,1,1.7500000000000002,0.0,1.7500000000000002,1.7500000000000002,1.7500000000000002,2021-02-28,1.75,Neutral,Below Mean - 1 std,0.0,0
2021-02-28,1,1.7437500000000001,0.03952847075210478,1.7500000000000002,1.7042215292478953,1.783278470752105,2021-03-28,1.75,Neutral,Within 1 std,0.006250000000000089,0
2021-03-31,1,1.7500000000000002,0.0,1.7500000000000002,1.7500000000000002,1.7500000000000002,2021-04-30,1.75,Neutral,Below Mean - 1 std,0.0,0
2021-04-15,1,1.7499999999999998,3.514801124659113e-16,1.7500000000000002,1.7499999999999993,1.7500000000000002,2021-05-15,1.75,Neutral,Within 1 std,4.440892098500626e-16,0
2021-05-14,1,1.7499999999999996,7.027291020503719e-16,1.7500000000000002,1.749999999999999,1.7500000000000002,2021-06-14,1.75,Neutral,Within 1 std,6.661338147750939e-16,0
2021-06-15,1,1.7499999999999996,7.025094648823097e-16,1.7500000000000002,1.749999999999999,1.7500000000000002,2021-07-15,1.75,Neutral,Within 1 std,6.661338147750939e-16,0
2021-07-15,1,1.7499999999999996,7.027291020503719e-16,1.7500000000000002,1.749999999999999,1.7500000000000002,2021-08-15,1.75,Neutral,Within 1 std,6.661338147750939e-16,0
2021-08-13,1,1.9523809523809534,0.11367067373497661,2.0,1.8387102786459768,2.06605162611593,2021-09-13,1.75,Neutral,Below Mean - 1 std,0.04761904761904656,0
2021-09-15,1,2.2437499999999995,0.16493491334773744,2.25,2.078815086652262,2.408684913347737,2021-10-15,2.0,Increasing,Below Mean - 1 std,0.006250000000000533,0
2021-10-14,1,2.331395348837209,0.17862679097504408,2.25,2.152768557862165,2.510022139812253,2021-11-14,2.5,Increasing,Within 1 std,0.081395348837209,0
2021-11-12,1,2.9418604651162807,0.15272533413121994,3.0,2.789135130985061,3.0945857992475005,2021-12-12,2.5,Neutral,Below Mean - 1 std,0.05813953488371926,0
2021-12-14,1,3.3999999999999995,0.2103111248383435,3.5000000000000004,3.189688875161656,3.610311124838343,2022-01-14,3.0,Increasing,Below Mean - 1 std,0.10000000000000098,0
2022-01-14,1,3.6578947368421066,0.18763330965068378,3.75,3.470261427191423,3.8455280464927903,2022-02-14,4.0,Increasing,Above Mean + 1 std,0.09210526315789336,0
2022-02-15,1,5.067073170731709,0.3113699078462707,5.0,4.755703262885438,5.37844307857798,2022-03-15,4.0,Neutral,Below Mean - 1 std,0.06707317073170938,0
2022-03-15,1,6.268749999999999,0.6896382831154763,6.5,5.579111716884523,6.958388283115475,2022-04-15,5.0,Increasing,Below Mean - 1 std,0.23125000000000107,0
2022-04-11,1,6.012500000000003,0.30461198521801736,6.0,5.707888014781986,6.31711198521802,2022-05-11,6.0,Increasing,Within 1 std,0.012500000000002842,1
2022-05-13,1,7.108974358974357,0.4722387602618587,7.000000000000001,6.636735598712498,7.5812131192362155,2022-06-13,6.0,Neutral,Below Mean - 1 std,0.10897435897435592,0
2022-06-15,1,8.13372093023256,0.6599712232392226,8.0,7.473749706993337,8.793692153471783,2022-07-15,7.5,Increasing,Within 1 std,0.1337209302325597,0
2022-07-14,1,8.717948717948717,0.4486070809633061,9.0,8.269341636985411,9.166555798912023,2022-08-14,9.0,Increasing,Within 1 std,0.2820512820512828,1
2022-08-12,1,9.750000000000005,0.3048749218101059,9.75,9.4451250781899,10.05487492181011,2022-09-12,9.0,Neutral,Below Mean - 1 std,5.329070518200751e-15,0
2022-09-14,1,10.769230769230772,0.6134045827887454,11.0,10.155826186442026,11.382635352019518,2022-10-14,10.0,Increasing,Below Mean - 1 std,0.23076923076922817,0
2022-10-14,1,10.960526315789473,0.23628827295786636,11.0,10.724238042831606,11.196814588747339,2022-11-14,11.0,Increasing,Within 1 std,0.03947368421052744,1
2022-11-15,1,11.900000000000007,0.25867308461817634,12.0,11.641326915381832,12.158673084618183,2022-12-15,11.0,Neutral,Below Mean - 1 std,0.09999999999999254,0
2022-12-13,1,12.335714285714287,0.30282285361621736,12.5,12.03289143209807,12.638537139330504,2023-01-13,12.0,Increasing,Below Mean - 1 std,0.1642857142857128,0
2023-01-13,1,12.878571428571425,0.27366943194882654,13.0,12.604901996622598,13.152240860520251,2023-02-13,12.75,Increasing,Within 1 std,0.12142857142857544,0
2023-02-14,1,13.175675675675672,0.24198875709123074,13.0,12.93368691858444,13.417664432766903,2023-03-14,12.75,Neutral,Below Mean - 1 std,0.17567567567567188,0
2023-03-15,1,13.185714285714283,0.19500053867626543,13.25,12.990713747038019,13.380714824390548,2023-04-15,13.0,Increasing,Within 1 std,0.06428571428571672,0
2023-04-14,1,13.139705882352937,0.2058903105159382,13.0,12.933815571836998,13.345596192868875,2023-05-14,13.25,Increasing,Within 1 std,0.13970588235293668,0
2023-05-15,1,13.25657894736842,0.1480371815199667,13.25,13.108541765848452,13.404616128888387,2023-06-15,,,Below Mean - 1 std,0.006578947368419463,0
2014-07-01,3,4.560487804878049,0.24290894610442196,4.5,4.317578858773627,4.803396750982471,2014-10-01,4.5,Neutral,Within 1 std,0.060487804878048834,1
2014-08-01,3,4.66875,0.19104553759744689,4.75,4.477704462402554,4.859795537597447,2014-11-01,4.5,Neutral,Within 1 std,0.08124999999999982,0
2014-09-01,3,4.6726190476190474,0.1871488194030326,4.75,4.485470228216015,4.85976786702208,2014-12-01,4.5,Neutral,Within 1 std,0.07738095238095255,0
2014-10-01,3,4.6125,0.1957071333684138,4.5,4.416792866631586,4.8082071333684135,2015-01-01,4.5,Neutral,Within 1 std,0.11249999999999982,1
2014-11-01,3,4.555555555555555,0.12117152999999509,4.5,4.43438402555556,4.676727085555551,2015-02-01,4.5,Neutral,Within 1 std,0.05555555555555536,1
2014-12-01,3,4.493243243243243,0.19081774396373993,4.5,4.3024254992795035,4.6840609872069825,2015-03-01,4.5,Neutral,Within 1 std,0.006756756756757021,1
2015-01-01,3,4.5060975609756095,0.17218998299524405,4.5,4.333907577980366,4.678287543970853,2015-04-01,4.5,Neutral,Within 1 std,0.0060975609756095395,1
2015-02-01,3,4.470930232558139,0.13594140813299938,4.5,4.33498882442514,4.606871640691138,2015-05-01,4.5,Neutral,Within 1 std,0.02906976744186096,1
2015-03-01,3,4.494047619047619,0.2309055294504187,4.5,4.2631420895972,4.724953148498037,2015-06-01,4.5,Neutral,Within 1 std,0.005952380952381375,1
2015-04-01,3,4.482142857142857,0.15013060516187826,4.5,4.332012251980979,4.632273462304735,2015-07-01,4.5,Neutral,Within 1 std,0.017857142857143238,1
2015-05-01,3,4.5060975609756095,0.14238816749962915,4.5,4.363709393475981,4.648485728475238,2015-08-01,4.5,Neutral,Within 1 std,0.0060975609756095395,1
2015-06-01,3,4.469512195121951,0.09992375141857392,4.5,4.369588443703377,4.569435946540525,2015-09-01,4.5,Neutral,Within 1 std,0.030487804878048586,1
2015-07-01,3,4.477272727272727,0.07270084086278777,4.5,4.404571886409939,4.549973568135514,2015-10-01,4.75,Increasing,Above Mean + 1 std,0.022727272727273373,0
2015-08-01,3,4.523809523809524,0.13308629844546008,4.5,4.390723225364064,4.656895822254984,2015-11-01,4.75,Neutral,Above Mean + 1 std,0.023809523809523725,0
2015-09-01,3,4.75,0.25000000000000017,4.75,4.5,5.0,2015-12-01,5.5,Increasing,Above Mean + 1 std,0.0,0
2015-10-01,3,5.175675675675675,0.21135200417708283,5.25,4.964323671498593,5.387027679852758,2016-01-01,5.75,Increasing,Above Mean + 1 std,0.07432432432432456,0
2015-11-01,3,5.73125,0.2852546096169041,5.75,5.445995390383096,6.016504609616904,2016-02-01,6.0,Increasing,Within 1 std,0.018749999999999822,0
2015-12-01,3,6.0523255813953485,0.31603071889041434,6.0,5.736294862504934,6.368356300285763,2016-03-01,6.25,Increasing,Within 1 std,0.052325581395348486,0
2016-01-01,3,6.406976744186048,0.2379429191626084,6.5,6.1690338250234396,6.644919663348657,2016-04-01,6.5,Increasing,Within 1 std,0.09302325581395188,1
2016-02-01,3,6.744047619047619,0.31472062348669066,6.75,6.429326995560928,7.05876824253431,2016-05-01,6.5,Neutral,Within 1 std,0.005952380952381375,0
2016-03-01,3,6.806818181818182,0.22787973906358408,6.75,6.578938442754597,7.034697920881766,2016-06-01,7.25,Increasing,Above Mean + 1 std,0.05681818181818166,0
2016-04-01,3,7.115116279069768,0.2698180347410809,7.000000000000001,6.845298244328687,7.384934313810849,2016-07-01,7.5,Increasing,Above Mean + 1 std,0.11511627906976685,0
2016-05-01,3,7.2562500000000005,0.20791624916457713,7.249999999999999,7.048333750835424,7.4641662491645775,2016-08-01,7.75,Increasing,Above Mean + 1 std,0.006250000000001421,0
2016-06-01,3,7.4940476190476195,0.20278619671851122,7.5,7.291261422329108,7.696833815766131,2016-09-01,7.75,Neutral,Above Mean + 1 std,0.005952380952380487,0
2016-07-01,3,7.696428571428571,0.23121968677862853,7.75,7.465208884649942,7.9276482582072,2016-10-01,7.75,Neutral,Within 1 std,0.053571428571428825,1
2016-08-01,3,7.78804347826087,0.20390215044604562,7.75,7.584141327814825,7.991945628706915,2016-11-01,7.75,Neutral,Within 1 std,0.03804347826087007,1
2016-09-01,3,7.625,0.23808831662143334,7.75,7.386911683378567,7.863088316621433,2016-12-01,7.75,Neutral,Within 1 std,0.125,1
2016-10-01,3,7.523809523809523,0.28051305244143554,7.625,7.243296471368088,7.804322576250958,2017-01-01,7.5,Decreasing,Within 1 std,0.10119047619047716,0
2016-11-01,3,7.375,0.3503047453777156,7.5,7.0246952546222845,7.7253047453777155,2017-02-01,7.5,Neutral,Within 1 std,0.125,1
2016-12-01,3,7.208333333333333,0.339999402199378,7.249999999999999,6.868333931133955,7.5483327355327114,2017-03-01,7.25,Decreasing,Within 1 std,0.041666666666666075,0
2017-01-01,3,6.612500000000001,0.2993047499344662,6.5,6.313195250065535,6.911804749934467,2017-04-01,7.0,Decreasing,Above Mean + 1 std,0.11250000000000071,0
2017-02-01,3,6.7926829268292686,0.2899484815466698,6.75,6.502734445282599,7.0826314083759385,2017-05-01,7.0,Neutral,Within 1 std,0.04268292682926855,0
2017-03-01,3,6.343750000000001,0.20165580602245053,6.25,6.142094193977551,6.545405806022451,2017-06-01,6.25,Decreasing,Within 1 std,0.09375000000000089,1
2017-04-01,3,5.987179487179487,0.2290477853837566,6.0,5.7581317017957305,6.216227272563244,2017-07-01,6.25,Neutral,Above Mean + 1 std,0.012820512820512775,0
2017-05-01,3,5.677777777777778,0.23000878331933416,5.5,5.4477689944584435,5.9077865610971125,2017-08-01,5.5,Decreasing,Within 1 std,0.17777777777777803,1
2017-06-01,3,5.517441860465117,0.18415951966208685,5.5,5.33328234080303,5.701601380127204,2017-09-01,5.25,Decreasing,Below Mean - 1 std,0.017441860465116754,0
2017-07-01,3,5.238372093023256,0.13311166512794398,5.25,5.1052604278953115,5.3714837581512,2017-10-01,5.25,Neutral,Within 1 std,0.011627906976744207,1
2017-08-01,3,5.174418604651162,0.13945988202076148,5.25,5.0349587226304005,5.313878486671924,2017-11-01,5.0,Decreasing,Below Mean - 1 std,0.07558139534883779,0
2017-09-01,3,5.104651162790697,0.14671561148486406,5.0,4.957935551305833,5.251366774275561,2017-12-01,4.75,Decreasing,Below Mean - 1 std,0.10465116279069697,0
2017-10-01,3,5.045454545454546,0.20369213597468122,5.0,4.841762409479864,5.249146681429227,2018-01-01,4.75,Neutral,Below Mean - 1 std,0.04545454545454586,0
2017-11-01,3,4.68452380952381,0.23464765886222574,4.75,4.449876150661584,4.919171468386036,2018-02-01,4.5,Decreasing,Within 1 std,0.0654761904761898,0
2017-12-01,3,4.303571428571429,0.1792235479488473,4.25,4.124347880622581,4.482794976520276,2018-03-01,4.5,Neutral,Above Mean + 1 std,0.053571428571428825,0
2018-01-01,3,4.274390243902439,0.18375321467239425,4.25,4.090637029230045,4.458143458574833,2018-04-01,4.5,Neutral,Above Mean + 1 std,0.024390243902439046,0
2018-02-28,3,4.329268292682928,0.18061547890342075,4.25,4.148652813779507,4.509883771586348,2018-05-28,4.25,Decreasing,Within 1 std,0.07926829268292757,1
2018-03-31,3,4.225,0.16794382455192577,4.25,4.057056175448074,4.392943824551925,2018-06-30,4.25,Neutral,Within 1 std,0.025000000000000355,1
2018-04-30,3,4.166666666666666,0.14256648712805034,4.25,4.024100179538616,4.309233153794716,2018-07-30,4.25,Neutral,Within 1 std,0.08333333333333393,1
2018-05-31,3,4.156976744186046,0.13388934456911544,4.25,4.023087399616931,4.290866088755162,2018-08-31,4.25,Neutral,Within 1 std,0.09302325581395365,1
2018-06-30,3,4.207317073170732,0.09523718785862761,4.25,4.112079885312105,4.30255426102936,2018-09-30,4.25,Neutral,Within 1 std,0.042682926829267664,1
2018-07-31,3,4.244186046511628,0.08605736066411743,4.25,4.158128685847511,4.330243407175746,2018-10-31,4.25,Neutral,Within 1 std,0.005813953488371659,1
2018-08-31,3,4.2439024390243905,0.06818643738972088,4.25,4.17571600163467,4.312088876414111,2018-11-30,4.25,Neutral,Within 1 std,0.0060975609756095395,1
2018-09-30,3,4.2439024390243905,0.03904344047215155,4.25,4.204858998552239,4.282945879496542,2018-12-30,4.25,Neutral,Within 1 std,0.0060975609756095395,1
2018-10-31,3,4.256578947368421,0.07087393893726827,4.25,4.185705008431153,4.327452886305689,2019-01-31,4.25,Neutral,Within 1 std,0.00657894736842124,1
2018-11-30,3,4.2875000000000005,0.13337339141845914,4.25,4.154126608581541,4.42087339141846,2019-02-28,4.25,Neutral,Within 1 std,0.03750000000000053,1
2018-12-31,3,4.34375,0.1350154312168303,4.25,4.20873456878317,4.47876543121683,2019-03-31,4.25,Neutral,Within 1 std,0.09375,1
2019-01-31,3,4.3999999999999995,0.14763086328702318,4.5,4.252369136712976,4.547630863287023,2019-04-30,4.25,Neutral,Below Mean - 1 std,0.10000000000000053,0
2019-02-28,3,4.331250000000001,0.14308304026073937,4.25,4.188166959739261,4.47433304026074,2019-05-28,4.25,Neutral,Within 1 std,0.08125000000000071,1
2019-03-31,3,4.300000000000001,0.10127393670836646,4.25,4.198726063291634,4.4012739367083675,2019-06-30,4.25,Neutral,Within 1 std,0.05000000000000071,1
2019-04-30,3,4.2749999999999995,0.07595545253127477,4.25,4.199044547468724,4.350955452531275,2019-07-30,4.25,Neutral,Within 1 std,0.024999999999999467,1
2019-05-31,3,4.274390243902439,0.07510155725708349,4.25,4.199288686645356,4.349491801159522,2019-08-31,4.25,Neutral,Within 1 std,0.024390243902439046,1
2019-06-30,3,4.300000000000001,0.14096735392208667,4.25,4.159032646077914,4.440967353922088,2019-09-30,4.25,Neutral,Within 1 std,0.05000000000000071,1
2019-07-31,3,4.302631578947368,0.10328873752806851,4.25,4.199342841419299,4.405920316475437,2019-10-31,4.25,Neutral,Within 1 std,0.05263157894736814,1
2019-08-31,3,4.284883720930233,0.10324202016951307,4.25,4.18164170076072,4.388125741099746,2019-11-30,4.25,Neutral,Within 1 std,0.03488372093023262,1
2019-09-30,3,4.3048780487804885,0.1426555633548777,4.25,4.162222485425611,4.447533612135366,2019-12-30,4.25,Neutral,Within 1 std,0.05487804878048852,1
2019-10-31,3,4.29375,0.13736881854224517,4.25,4.156381181457755,4.431118818542245,2020-01-31,4.25,Neutral,Within 1 std,0.04375000000000018,1
2019-11-30,3,4.267857142857143,0.06516529505375153,4.25,4.202691847803392,4.333022437910895,2020-02-29,4.25,Neutral,Within 1 std,0.017857142857143238,1
2019-12-31,3,4.303571428571429,0.11759420569289764,4.25,4.185977222878531,4.421165634264327,2020-03-31,3.75,Decreasing,Below Mean - 1 std,0.053571428571428825,0
2020-01-31,3,4.294871794871796,0.0971941029961177,4.25,4.197677691875678,4.392065897867913,2020-04-30,3.75,Neutral,Below Mean - 1 std,0.0448717948717956,0
2020-02-29,3,4.2804878048780495,0.08282364455613475,4.25,4.1976641603219145,4.3633114494341845,2020-05-29,3.25,Decreasing,Below Mean - 1 std,0.030487804878049474,0
2020-03-31,3,4.231707317073171,0.22631728213974725,4.25,4.005390034933424,4.458024599212918,2020-06-30,2.75,Decreasing,Below Mean - 1 std,0.01829268292682862,0
2020-04-30,3,3.0878378378378377,0.4175665957208045,3.0,2.670271242117033,3.5054044335586423,2020-07-30,2.5,Decreasing,Below Mean - 1 std,0.08783783783783772,0
2020-05-31,3,2.5,0.330112645886762,2.5,2.169887354113238,2.830112645886762,2020-08-31,2.25,Decreasing,Within 1 std,0.0,0
2020-06-30,3,2.23125,0.2556258032399135,2.25,1.9756241967600867,2.4868758032399136,2020-09-30,1.75,Decreasing,Below Mean - 1 std,0.018749999999999822,0
2020-07-31,3,2.0375,0.20056011311913183,2.0,1.8369398868808682,2.2380601131191318,2020-10-31,1.75,Neutral,Below Mean - 1 std,0.03750000000000009,0
2020-08-31,3,1.967948717948718,0.10226846731132631,2.0,1.8656802506373917,2.070217185260044,2020-11-30,1.75,Neutral,Below Mean - 1 std,0.03205128205128194,0
2020-09-30,3,1.875,0.13867504905630715,2.0,1.7363249509436929,2.013675049056307,2020-12-30,1.75,Neutral,Within 1 std,0.125,0
2020-10-31,3,1.7364864864864868,0.057310858783781456,1.7500000000000002,1.6791756277027055,1.7937973452702682,2021-01-31,1.75,Neutral,Within 1 std,0.013513513513513375,0
2020-11-30,3,1.7437500000000001,0.03952847075210478,1.7500000000000002,1.7042215292478953,1.783278470752105,2021-02-28,1.75,Neutral,Within 1 std,0.006250000000000089,0
2020-12-31,3,1.7435897435897438,0.04003203845127182,1.7500000000000002,1.703557705138472,1.7836217820410156,2021-03-31,1.75,Neutral,Within 1 std,0.0064102564102563875,0
2021-01-31,3,1.7500000000000002,0.0,1.7500000000000002,1.7500000000000002,1.7500000000000002,2021-04-30,1.75,Neutral,Below Mean - 1 std,0.0,0
2021-02-28,3,1.7437500000000001,0.03952847075210478,1.7500000000000002,1.7042215292478953,1.783278470752105,2021-05-28,1.75,Neutral,Within 1 std,0.006250000000000089,0
2021-03-31,3,1.75625,0.03952847075210472,1.7500000000000002,1.7167215292478955,1.7957784707521047,2021-06-30,1.75,Neutral,Within 1 std,0.006249999999999867,0
2021-04-15,3,1.7564102564102562,0.04003203845127176,1.7500000000000002,1.7163782179589844,1.796442294861528,2021-07-15,1.75,Neutral,Within 1 std,0.006410256410255943,0
2021-05-14,3,1.7562499999999999,0.03952847075210473,1.7500000000000002,1.7167215292478952,1.7957784707521045,2021-08-14,1.75,Neutral,Within 1 std,0.006249999999999645,0
2021-06-15,3,1.8353658536585362,0.13240274847931985,1.7500000000000002,1.7029631051792165,1.967768602137856,2021-09-15,1.75,Neutral,Within 1 std,0.085365853658536,0
2021-07-15,3,1.9312500000000004,0.16000300477947757,2.0,1.7712469952205228,2.0912530047794777,2021-10-15,2.0,Increasing,Within 1 std,0.06874999999999964,1
2021-08-13,3,2.1535714285714285,0.1754412058917137,2.25,1.9781302226797148,2.329012634463142,2021-11-13,2.5,Increasing,Above Mean + 1 std,0.09642857142857153,0
2021-09-15,3,2.5062500000000005,0.15491416150855108,2.5,2.3513358384914493,2.6611641615085517,2021-12-15,2.5,Neutral,Within 1 std,0.006250000000000533,1
2021-10-14,3,2.821428571428572,0.327991459054262,2.75,2.49343711237431,3.149420030482834,2022-01-14,3.0,Increasing,Within 1 std,0.07142857142857206,0
2021-11-12,3,3.280487804878048,0.29152145049303146,3.25,2.988966354385017,3.5720092553710794,2022-02-12,4.0,Increasing,Above Mean + 1 std,0.03048780487804814,0
2021-12-14,3,3.8125000000000027,0.25159746034346614,4.0,3.5609025396565364,4.0640974603434685,2022-03-14,4.0,Neutral,Within 1 std,0.18749999999999734,1
2022-01-14,3,4.631578947368422,0.46765964937432447,4.75,4.163919297994098,5.0992385967427465,2022-04-14,5.0,Increasing,Within 1 std,0.11842105263157787,0
2022-02-15,3,5.900000000000001,0.63750314227481,6.0,5.262496857725191,6.5375031422748116,2022-05-15,6.0,Increasing,Within 1 std,0.09999999999999876,1
2022-03-15,3,6.825,0.7766628150009038,7.000000000000001,6.048337184999096,7.601662815000904,2022-06-15,6.0,Neutral,Below Mean - 1 std,0.1750000000000007,0
2022-04-11,3,7.475,0.5655720952025435,7.5,6.9094279047974565,8.040572095202544,2022-07-11,7.5,Increasing,Within 1 std,0.025000000000000355,1
2022-05-13,3,7.993589743589746,0.5515742407418357,8.0,7.4420155028479105,8.545163984331582,2022-08-13,9.0,Increasing,Above Mean + 1 std,0.006410256410253723,0
2022-06-15,3,8.412790697674417,0.6359369749447523,8.5,7.776853722729665,9.048727672619169,2022-09-15,9.0,Neutral,Within 1 std,0.08720930232558288,0
2022-07-14,3,9.202564102564104,0.6088112573684192,9.0,8.593752845195684,9.811375359932523,2022-10-14,10.0,Increasing,Above Mean + 1 std,0.20256410256410362,0
2022-08-12,3,10.031250000000004,0.43921367675216316,10.0,9.592036323247841,10.470463676752166,2022-11-12,11.0,Increasing,Above Mean + 1 std,0.03125000000000355,0
2022-09-14,3,11.037500000000005,0.6853550455505076,11.0,10.352144954449498,11.722855045550512,2022-12-14,11.0,Neutral,Within 1 std,0.037500000000004974,1
2022-10-14,3,11.365384615384624,0.5816439775319523,11.5,10.783740637852672,11.947028592916576,2023-01-14,12.0,Increasing,Above Mean + 1 std,0.13461538461537614,0
2022-11-15,3,12.139705882352946,0.43602533491945417,12.0,11.70368054743349,12.5757312172724,2023-02-15,12.75,Increasing,Above Mean + 1 std,0.13970588235294557,0
2022-12-13,3,12.371428571428572,0.43033600317688064,12.5,11.94109256825169,12.801764574605453,2023-03-13,12.75,Neutral,Within 1 std,0.12857142857142811,0
2023-01-13,3,13.08333333333333,0.4225771273642585,13.0,12.660756205969072,13.505910460697589,2023-04-13,13.0,Increasing,Within 1 std,0.08333333333333037,1
2023-02-14,3,13.222972972972968,0.2812656402057679,13.25,12.9417073327672,13.504238613178737,2023-05-14,13.25,Increasing,Within 1 std,0.027027027027031636,1
2023-03-15,3,13.100000000000001,0.359738467092251,13.25,12.74026153290775,13.459738467092253,2023-06-15,,,Below Mean - 1 std,0.14999999999999858,0
2023-04-14,3,12.892857142857142,0.4936572484949422,13.0,12.3991998943622,13.386514391352085,2023-07-14,,,Below Mean - 1 std,0.10714285714285765,0
2023-05-15,3,13.202702702702704,0.2876982277843755,13.25,12.915004474918328,13.490400930487079,2023-08-15,,,Below Mean - 1 std,0.04729729729729648,0
2014-07-01,6,4.689024390243903,0.2668127140715824,4.75,4.422211676172321,4.955837104315485,2015-01-01,4.5,Neutral,Within 1 std,0.06097560975609717,0
2014-08-01,6,4.807692307692308,0.2718209698976762,4.75,4.5358713377946325,5.079513277589984,2015-02-01,4.5,Neutral,Below Mean - 1 std,0.057692307692308376,0
2014-09-01,6,4.908536585365854,0.30493901829390224,5.0,4.603597567071952,5.213475603659757,2015-03-01,4.5,Neutral,Below Mean - 1 std,0.09146341463414576,0
2014-10-01,6,4.775641025641026,0.28559075312867643,4.75,4.49005027251235,5.061231778769703,2015-04-01,4.5,Neutral,Within 1 std,0.025641025641026438,0
2014-11-01,6,4.708333333333334,0.25704363164923705,4.75,4.451289701684097,4.965376964982571,2015-05-01,4.5,Neutral,Within 1 std,0.041666666666666075,0
2014-12-01,6,4.4459459459459465,0.28342605795926795,4.5,4.1625198879866785,4.7293720039052145,2015-06-01,4.5,Neutral,Within 1 std,0.0540540540540535,1
2015-01-01,6,4.451219512195122,0.26350706937339674,4.5,4.187712442821725,4.714726581568518,2015-07-01,4.5,Neutral,Within 1 std,0.04878048780487809,1
2015-02-01,6,4.372093023255814,0.26374192056715556,4.5,4.108351102688658,4.635834943822969,2015-08-01,4.5,Neutral,Within 1 std,0.12790697674418627,1
2015-03-01,6,4.458333333333334,0.2810946951514319,4.5,4.177238638181902,4.739428028484766,2015-09-01,4.5,Neutral,Within 1 std,0.041666666666666075,1
2015-04-01,6,4.416666666666667,0.2686158438080581,4.5,4.148050822858609,4.685282510474725,2015-10-01,4.75,Increasing,Above Mean + 1 std,0.08333333333333304,0
2015-05-01,6,4.384146341463415,0.3015458141788416,4.5,4.082600527284574,4.685692155642257,2015-11-01,4.75,Neutral,Above Mean + 1 std,0.1158536585365848,0
2015-06-01,6,4.347560975609756,0.30556325439919035,4.5,4.041997721210566,4.653124230008946,2015-12-01,5.5,Increasing,Above Mean + 1 std,0.15243902439024382,0
2015-07-01,6,4.329545454545455,0.2892086600512258,4.5,4.0403367944942294,4.618754114596681,2016-01-01,5.75,Increasing,Above Mean + 1 std,0.17045454545454497,0
2015-08-01,6,4.488095238095238,0.3071921468701998,4.5,4.180903091225038,4.795287384965438,2016-02-01,6.0,Increasing,Above Mean + 1 std,0.011904761904761862,0
2015-09-01,6,4.670731707317073,0.393061001906208,4.75,4.277670705410865,5.063792709223281,2016-03-01,6.25,Increasing,Above Mean + 1 std,0.07926829268292668,0
2015-10-01,6,5.131944444444445,0.25694712568313616,5.25,4.8749973187613085,5.388891570127581,2016-04-01,6.5,Increasing,Above Mean + 1 std,0.11805555555555536,0
2015-11-01,6,5.643750000000001,0.37075589799413283,5.75,5.2729941020058675,6.014505897994134,2016-05-01,6.5,Neutral,Above Mean + 1 std,0.10624999999999929,0
2015-12-01,6,6.023255813953489,0.3964648602109144,6.0,5.626790953742574,6.419720674164404,2016-06-01,7.25,Increasing,Above Mean + 1 std,0.0232558139534893,0
2016-01-01,6,6.434523809523809,0.3315683528173517,6.375,6.102955456706457,6.766092162341161,2016-07-01,7.5,Increasing,Above Mean + 1 std,0.05952380952380931,0
2016-02-01,6,6.732142857142858,0.39966776271985044,6.75,6.332475094423007,7.1318106198627085,2016-08-01,7.75,Increasing,Above Mean + 1 std,0.01785714285714235,0
2016-03-01,6,6.7272727272727275,0.30412943722654984,6.75,6.423143290046178,7.031402164499277,2016-09-01,7.75,Neutral,Above Mean + 1 std,0.022727272727272485,0
2016-04-01,6,6.998837209302327,0.31348433014932164,7.000000000000001,6.685352879153005,7.3123215394516485,2016-10-01,7.75,Neutral,Above Mean + 1 std,0.0011627906976743319,0
2016-05-01,6,7.06875,0.3396241323611308,7.000000000000001,6.729125867638869,7.40837413236113,2016-11-01,7.75,Neutral,Above Mean + 1 std,0.06874999999999876,0
2016-06-01,6,7.255952380952381,0.37647310352416813,7.5,6.879479277428214,7.632425484476549,2016-12-01,7.75,Neutral,Above Mean + 1 std,0.24404761904761862,0
2016-07-01,6,7.35625,0.4307398971239591,7.249999999999999,6.925510102876041,7.786989897123959,2017-01-01,7.5,Decreasing,Within 1 std,0.10625000000000107,0
2016-08-01,6,7.494444444444445,0.41454002743213325,7.5,7.079904417012312,7.908984471876579,2017-02-01,7.5,Neutral,Within 1 std,0.005555555555554648,1
2016-09-01,6,7.127906976744186,0.47047371334662896,7.000000000000001,6.657433263397557,7.598380690090815,2017-03-01,7.25,Decreasing,Within 1 std,0.12790697674418539,0
2016-10-01,6,6.94047619047619,0.42343515287180855,7.000000000000001,6.517041037604381,7.363911343347999,2017-04-01,7.0,Decreasing,Within 1 std,0.05952380952381109,0
2016-11-01,6,6.754761904761905,0.40767178390392034,6.75,6.347090120857985,7.162433688665825,2017-05-01,7.0,Neutral,Within 1 std,0.004761904761904745,0
2016-12-01,6,6.535714285714285,0.3848163506055582,6.5,6.150897935108727,6.920530636319842,2017-06-01,6.25,Decreasing,Within 1 std,0.0357142857142847,0
2017-01-01,6,6.044871794871795,0.37553380809940534,6.0,5.66933798677239,6.4204056029712,2017-07-01,6.25,Neutral,Within 1 std,0.04487179487179471,0
2017-02-01,6,6.274390243902439,0.34371535302112827,6.25,5.930674890881311,6.618105596923567,2017-08-01,5.5,Decreasing,Below Mean - 1 std,0.024390243902439046,0
2017-03-01,6,6.00625,0.2913688956174515,6.0,5.714881104382548,6.297618895617451,2017-09-01,5.25,Decreasing,Below Mean - 1 std,0.006249999999999645,0
2017-04-01,6,5.788461538461538,0.28984150352561955,5.75,5.498620034935919,6.078303041987158,2017-10-01,5.25,Neutral,Below Mean - 1 std,0.038461538461538325,0
2017-05-01,6,5.577777777777778,0.2489878500950388,5.5,5.32878992768274,5.826765627872817,2017-11-01,5.0,Decreasing,Below Mean - 1 std,0.07777777777777839,0
2017-06-01,6,5.459302325581396,0.20361489501176822,5.5,5.255687430569628,5.6629172205931635,2017-12-01,4.75,Decreasing,Below Mean - 1 std,0.04069767441860428,0
2017-07-01,6,5.103658536585367,0.23032320874763115,5.0,4.873335327837736,5.333981745332998,2018-01-01,4.75,Neutral,Below Mean - 1 std,0.10365853658536661,0
2017-08-01,6,4.947674418604651,0.23501608059776435,5.0,4.712658338006886,5.182690499202415,2018-02-01,4.5,Decreasing,Below Mean - 1 std,0.052325581395349374,0
2017-09-01,6,4.738095238095238,0.2205341419863358,4.75,4.517561096108903,4.9586293800815735,2018-03-01,4.5,Neutral,Below Mean - 1 std,0.011904761904761862,0
2017-10-01,6,4.670454545454546,0.2628816565066789,4.75,4.407572888947867,4.933336201961224,2018-04-01,4.5,Neutral,Within 1 std,0.07954545454545414,0
2017-11-01,6,4.392857142857142,0.22184685680568958,4.5,4.171010286051453,4.614703999662832,2018-05-01,4.25,Decreasing,Within 1 std,0.10714285714285765,0
2017-12-01,6,4.196428571428571,0.23772110558764364,4.25,3.9587074658409276,4.434149677016215,2018-06-01,4.25,Neutral,Within 1 std,0.053571428571428825,1
2018-01-01,6,4.182926829268293,0.21668230087433338,4.25,3.96624452839396,4.399609130142626,2018-07-01,4.25,Neutral,Within 1 std,0.06707317073170671,1
2018-02-28,6,4.225609756097561,0.1658771952452748,4.25,4.059732560852286,4.391486951342836,2018-08-28,4.25,Neutral,Within 1 std,0.024390243902439046,1
2018-03-31,6,4.1875,0.18562092609705416,4.25,4.001879073902946,4.373120926097054,2018-09-30,4.25,Neutral,Within 1 std,0.0625,1
2018-04-30,6,4.130952380952381,0.15848073705842955,4.25,3.972471643893952,4.289433118010811,2018-10-30,4.25,Neutral,Within 1 std,0.11904761904761862,1
2018-05-31,6,4.151162790697675,0.14576904927096132,4.25,4.005393741426714,4.296931839968636,2018-11-30,4.25,Neutral,Within 1 std,0.09883720930232531,1
2018-06-30,6,4.213414634146342,0.13182582744093746,4.25,4.081588806705405,4.345240461587279,2018-12-30,4.25,Neutral,Within 1 std,0.036585365853658125,1
2018-07-31,6,4.2976190476190474,0.13790787882848898,4.25,4.159711168790558,4.435526926447537,2019-01-31,4.25,Neutral,Within 1 std,0.04761904761904745,1
2018-08-31,6,4.25609756097561,0.11842461840302604,4.25,4.137672942572585,4.374522179378636,2019-02-28,4.25,Neutral,Within 1 std,0.006097560975610428,1
2018-09-30,6,4.365853658536586,0.17763692760453964,4.25,4.188216730932046,4.543490586141125,2019-03-30,4.25,Neutral,Within 1 std,0.11585365853658569,1
2018-10-31,6,4.473684210526316,0.22352726482989244,4.5,4.250156945696424,4.697211475356208,2019-04-30,4.25,Neutral,Below Mean - 1 std,0.02631578947368407,0
2018-11-30,6,4.54375,0.264862688179637,4.5,4.278887311820363,4.808612688179637,2019-05-30,4.25,Neutral,Below Mean - 1 std,0.04375000000000018,0
2018-12-31,6,4.606249999999999,0.23944045349362086,4.75,4.366809546506379,4.84569045349362,2019-06-30,4.25,Neutral,Below Mean - 1 std,0.1437500000000007,0
2019-01-31,6,4.65,0.18605210188381288,4.625,4.463947898116188,4.836052101883813,2019-07-31,4.25,Neutral,Below Mean - 1 std,0.025000000000000355,0
2019-02-28,6,4.55,0.18081014266989479,4.5,4.369189857330105,4.7308101426698945,2019-08-28,4.25,Neutral,Below Mean - 1 std,0.04999999999999982,0
2019-03-31,6,4.46875,0.18069931817730678,4.5,4.2880506818226936,4.6494493181773064,2019-09-30,4.25,Neutral,Below Mean - 1 std,0.03125,0
2019-04-30,6,4.41875,0.1538761989892668,4.5,4.264873801010733,4.572626198989267,2019-10-30,4.25,Neutral,Below Mean - 1 std,0.08124999999999982,0
2019-05-31,6,4.426829268292683,0.1789195213551362,4.5,4.247909746937546,4.605748789647819,2019-11-30,4.25,Neutral,Within 1 std,0.07317073170731714,0
2019-06-30,6,4.387499999999999,0.21889875894272826,4.25,4.168601241057271,4.606398758942728,2019-12-30,4.25,Neutral,Within 1 std,0.1374999999999993,1
2019-07-31,6,4.361842105263158,0.26443059952096243,4.25,4.097411505742196,4.626272704784121,2020-01-31,4.25,Neutral,Within 1 std,0.11184210526315841,1
2019-08-31,6,4.351190476190476,0.25338876311497793,4.25,4.097801713075499,4.604579239305454,2020-02-29,4.25,Neutral,Within 1 std,0.10119047619047628,1
2019-09-30,6,4.384146341463415,0.24429465415514207,4.25,4.139851687308273,4.628440995618558,2020-03-30,3.75,Decreasing,Below Mean - 1 std,0.1341463414634152,0
2019-10-31,6,4.41875,0.22207861278477548,4.5,4.196671387215225,4.640828612784776,2020-04-30,3.75,Neutral,Below Mean - 1 std,0.08124999999999982,0
2019-11-30,6,4.375,0.19325517063098135,4.25,4.181744829369019,4.568255170630981,2020-05-30,3.25,Decreasing,Below Mean - 1 std,0.125,0
2019-12-31,6,4.340243902439025,0.17543499942825033,4.25,4.164808903010774,4.515678901867275,2020-06-30,2.75,Decreasing,Below Mean - 1 std,0.09024390243902491,0
2020-01-31,6,4.3375,0.16554107089736403,4.25,4.171958929102637,4.503041070897364,2020-07-31,2.5,Neutral,Below Mean - 1 std,0.08750000000000036,0
2020-02-29,6,4.3048780487804885,0.13124637044923382,4.25,4.173631678331255,4.4361244192297224,2020-08-29,2.25,Decreasing,Below Mean - 1 std,0.05487804878048852,0
2020-03-31,6,4.268750000000001,0.21474119784354856,4.25,4.054008802156452,4.483491197843549,2020-09-30,1.75,Decreasing,Below Mean - 1 std,0.01875000000000071,0
2020-04-30,6,3.083333333333333,0.37796447300922725,3.0,2.7053688603241057,3.4612978063425603,2020-10-30,1.75,Neutral,Below Mean - 1 std,0.08333333333333304,0
2020-05-31,6,2.4487179487179485,0.3401793604864124,2.5,2.108538588231536,2.7888973092043607,2020-11-30,1.75,Neutral,Below Mean - 1 std,0.051282051282051544,0
2020-06-30,6,2.2500000000000004,0.3344280270299689,2.25,1.9155719729700316,2.5844280270299693,2020-12-30,1.75,Neutral,Below Mean - 1 std,4.440892098500626e-16,0
2020-07-31,6,2.0384615384615388,0.2722860189458142,2.0,1.7661755195157245,2.310747557407353,2021-01-31,1.75,Neutral,Below Mean - 1 std,0.03846153846153877,0
2020-08-31,6,1.980263157894737,0.1579169614515252,2.0,1.8223461964432117,2.138180119346262,2021-02-28,1.75,Neutral,Below Mean - 1 std,0.019736842105263053,0
2020-09-30,6,1.8947368421052628,0.1707651594648494,2.0,1.7239716826404134,2.0655020015701124,2021-03-30,1.75,Neutral,Within 1 std,0.10526315789473717,0
2020-10-31,6,1.7567567567567568,0.07184296354836298,1.7500000000000002,1.6849137932083937,1.8285997203051199,2021-04-30,1.75,Neutral,Within 1 std,0.006756756756756577,0
2020-11-30,6,1.7500000000000002,0.08006407690254358,1.7500000000000002,1.6699359230974566,1.8300640769025438,2021-05-30,1.75,Neutral,Within 1 std,0.0,0
2020-12-31,6,1.7820512820512822,0.11725320076833019,1.7500000000000002,1.664798081282952,1.8993044828196124,2021-06-30,1.75,Neutral,Within 1 std,0.03205128205128194,0
2021-01-31,6,1.7804878048780486,0.09992375141857399,1.7500000000000002,1.6805640534594746,1.8804115562966226,2021-07-31,1.75,Neutral,Within 1 std,0.030487804878048363,0
2021-02-28,6,1.7500000000000002,0.056613851707229795,1.7500000000000002,1.6933861482927703,1.80661385170723,2021-08-28,1.75,Neutral,Within 1 std,0.0,0
2021-03-31,6,1.7937500000000002,0.09620191106369813,1.7500000000000002,1.6975480889363022,1.8899519110636982,2021-09-30,1.75,Neutral,Within 1 std,0.043749999999999956,0
2021-04-15,6,1.8397435897435896,0.1766573725052504,1.7500000000000002,1.6630862172383392,2.01640096224884,2021-10-15,2.0,Increasing,Within 1 std,0.08974358974358942,0
2021-05-14,6,1.8937499999999996,0.18680426476216574,1.7500000000000002,1.7069457352378339,2.0805542647621653,2021-11-14,2.5,Increasing,Above Mean + 1 std,0.14374999999999938,0
2021-06-15,6,2.0792682926829262,0.2819520370905523,2.0,1.7973162555923738,2.3612203297734786,2021-12-15,2.5,Neutral,Above Mean + 1 std,0.07926829268292623,0
2021-07-15,6,2.230769230769231,0.2773500981126146,2.25,1.9534191326566162,2.5081193288818455,2022-01-15,3.0,Increasing,Above Mean + 1 std,0.019230769230769162,0
2021-08-13,6,2.5231707317073164,0.2752493326457872,2.5,2.2479213990615294,2.7984200643531034,2022-02-13,4.0,Increasing,Above Mean + 1 std,0.023170731707316428,0
2021-09-15,6,2.9358974358974366,0.2672837832393242,3.0,2.668613652658112,3.203181219136761,2022-03-15,4.0,Neutral,Above Mean + 1 std,0.06410256410256343,0
2021-10-14,6,3.303571428571428,0.36432243444088613,3.25,2.939248994130542,3.667893863012314,2022-04-14,5.0,Increasing,Above Mean + 1 std,0.05357142857142794,0
2021-11-12,6,3.7916666666666674,0.4165650282539662,4.0,3.3751016384127013,4.2082316949206335,2022-05-12,6.0,Increasing,Above Mean + 1 std,0.2083333333333326,0
2021-12-14,6,4.3500000000000005,0.44144285572630443,4.5,3.908557144273696,4.791442855726305,2022-06-14,6.0,Neutral,Above Mean + 1 std,0.14999999999999947,0
2022-01-14,6,5.039473684210528,0.537531632599905,5.0,4.501942051610623,5.577005316810434,2022-07-14,7.5,Increasing,Above Mean + 1 std,0.039473684210528326,0
2022-02-15,6,6.51875,0.6942702773046805,6.5,5.824479722695319,7.213020277304681,2022-08-15,9.0,Increasing,Above Mean + 1 std,0.018749999999999822,0
2022-03-15,6,7.168749999999998,0.7346451698888555,7.125000000000001,6.434104830111143,7.903395169888854,2022-09-15,9.0,Neutral,Above Mean + 1 std,0.04374999999999751,0
2022-04-11,6,7.593749999999999,0.5361529034682514,7.5,7.057597096531747,8.12990290346825,2022-10-11,10.0,Increasing,Above Mean + 1 std,0.09374999999999911,0
2022-05-13,6,8.211538461538463,0.5457324313614467,8.0,7.665806030177016,8.75727089289991,2022-11-13,11.0,Increasing,Above Mean + 1 std,0.21153846153846345,0
2022-06-15,6,8.50581395348837,0.5963389598531689,8.5,7.909474993635202,9.10215291334154,2022-12-15,11.0,Neutral,Above Mean + 1 std,0.005813953488370771,0
2022-07-14,6,9.230263157894736,0.6886668941065823,9.0,8.541596263788154,9.918930052001318,2023-01-14,12.0,Increasing,Above Mean + 1 std,0.23026315789473628,0
2022-08-12,6,10.128205128205133,0.5817164791187135,10.0,9.54648864908642,10.709921607323846,2023-02-12,12.75,Increasing,Above Mean + 1 std,0.12820512820513308,0
2022-09-14,6,10.868421052631579,0.7414759798766222,11.0,10.126945072754957,11.6098970325082,2023-03-14,12.75,Neutral,Above Mean + 1 std,0.13157894736842124,0
2022-10-14,6,11.019230769230774,0.8629520466502264,11.0,10.156278722580547,11.882182815881,2023-04-14,13.0,Increasing,Above Mean + 1 std,0.019230769230773603,0
2022-11-15,6,11.82352941176471,0.8200365193380892,12.0,11.003492892426621,12.643565931102799,2023-05-15,13.25,Increasing,Above Mean + 1 std,0.17647058823528994,0
2022-12-13,6,11.860294117647063,0.6634139678146834,12.0,11.19688014983238,12.523708085461747,2023-06-13,,,Below Mean - 1 std,0.13970588235293668,0
2023-01-13,6,12.368055555555557,0.7158564079655898,12.5,11.652199147589968,13.083911963521146,2023-07-13,,,Below Mean - 1 std,0.13194444444444287,0
2023-02-14,6,12.810810810810807,0.7250608341464968,13.0,12.08574997666431,13.535871644957304,2023-08-14,,,Below Mean - 1 std,0.18918918918919303,0
2023-03-15,6,12.499999999999996,0.813489216819961,12.75,11.686510783180035,13.313489216819958,2023-09-15,,,Below Mean - 1 std,0.25000000000000355,0
2023-04-14,6,12.078571428571435,0.962096799756054,12.25,11.11647462881538,13.040668228327489,2023-10-14,,,Below Mean - 1 std,0.1714285714285655,0
2023-05-15,6,12.47297297297297,0.7922887551085599,12.5,11.68068421786441,13.26526172808153,2023-11-15,,,Below Mean - 1 std,0.02702702702702986,0
2014-07-01,9,4.902439024390244,0.38680602689077165,5.0,4.5156329974994724,5.289245051281015,2015-04-01,4.5,Neutral,Below Mean - 1 std,0.09756097560975618,0
2014-08-01,9,4.987179487179487,0.313871820283617,5.0,4.67330766689587,5.301051307463104,2015-05-01,4.5,Neutral,Below Mean - 1 std,0.012820512820512775,0
2014-09-01,9,5.0182926829268295,0.30305859531635454,5.0,4.715234087610475,5.321351278243184,2015-06-01,4.5,Neutral,Below Mean - 1 std,0.018292682926829507,0
2014-10-01,9,4.871794871794872,0.29731138908267984,5.0,4.574483482712193,5.169106260877552,2015-07-01,4.5,Neutral,Below Mean - 1 std,0.12820512820512775,0
2014-11-01,9,4.715277777777778,0.35432419465883924,4.75,4.360953583118938,5.069601972436617,2015-08-01,4.5,Neutral,Within 1 std,0.03472222222222232,0
2014-12-01,9,4.4391891891891895,0.3249220280687727,4.5,4.1142671611204165,4.7641112172579625,2015-09-01,4.5,Neutral,Within 1 std,0.06081081081081052,1
2015-01-01,9,4.408536585365854,0.32478886199814266,4.5,4.083747723367711,4.733325447363997,2015-10-01,4.75,Increasing,Above Mean + 1 std,0.09146341463414576,0
2015-02-01,9,4.296511627906977,0.2899908350023875,4.5,4.006520792904589,4.5865024629093645,2015-11-01,4.75,Neutral,Above Mean + 1 std,0.20348837209302317,0
2015-03-01,9,4.339285714285714,0.37376393265257196,4.5,3.9655217816331425,4.713049646938287,2015-12-01,5.5,Increasing,Above Mean + 1 std,0.1607142857142856,0
2015-04-01,9,4.329268292682927,0.3726552712890453,4.5,3.9566130213938813,4.701923563971972,2016-01-01,5.75,Increasing,Above Mean + 1 std,0.17073170731707332,0
2015-05-01,9,4.2875000000000005,0.3560376672668504,4.375,3.93146233273315,4.643537667266851,2016-02-01,6.0,Increasing,Above Mean + 1 std,0.08749999999999947,0
2015-06-01,9,4.231707317073171,0.39286704137038764,4.25,3.8388402757027835,4.624574358443559,2016-03-01,6.25,Increasing,Above Mean + 1 std,0.01829268292682862,0
2015-07-01,9,4.1875,0.44826863312288584,4.25,3.739231366877114,4.635768633122886,2016-04-01,6.5,Increasing,Above Mean + 1 std,0.0625,0
2015-08-01,9,4.38125,0.47362317326795805,4.5,3.9076268267320415,4.854873173267958,2016-05-01,6.5,Neutral,Above Mean + 1 std,0.11875000000000036,0
2015-09-01,9,4.500000000000001,0.5244044240850754,4.5,3.9755955759149257,5.024404424085076,2016-06-01,7.25,Increasing,Above Mean + 1 std,8.881784197001252e-16,0
2015-10-01,9,4.9375,0.3844058495169617,5.0,4.553094150483038,5.321905849516962,2016-07-01,7.5,Increasing,Above Mean + 1 std,0.0625,0
2015-11-01,9,5.3812500000000005,0.49995993429217506,5.5,4.881290065707826,5.881209934292175,2016-08-01,7.75,Increasing,Above Mean + 1 std,0.11874999999999947,0
2015-12-01,9,5.715116279069767,0.5076245898816284,5.75,5.207491689188139,6.222740868951396,2016-09-01,7.75,Neutral,Above Mean + 1 std,0.03488372093023262,0
2016-01-01,9,6.18452380952381,0.4588543654446066,6.25,5.7256694440792035,6.643378174968417,2016-10-01,7.75,Neutral,Above Mean + 1 std,0.0654761904761898,0
2016-02-01,9,6.482142857142857,0.4632627433087814,6.5,6.018880113834076,6.945405600451638,2016-11-01,7.75,Neutral,Above Mean + 1 std,0.017857142857143238,0
2016-03-01,9,6.448863636363638,0.4299119212609525,6.5,6.018951715102685,6.87877555762459,2016-12-01,7.75,Neutral,Above Mean + 1 std,0.051136363636362425,0
2016-04-01,9,6.598750000000001,0.43375041565043276,6.5,6.164999584349568,7.032500415650434,2017-01-01,7.5,Decreasing,Above Mean + 1 std,0.09875000000000078,0
2016-05-01,9,6.638157894736843,0.538068895735119,6.75,6.100088999001724,7.176226790471962,2017-02-01,7.5,Neutral,Above Mean + 1 std,0.11184210526315663,0
2016-06-01,9,6.676829268292682,0.5540868119004018,6.75,6.12274245639228,7.230916080193084,2017-03-01,7.25,Decreasing,Above Mean + 1 std,0.07317073170731803,0
2016-07-01,9,6.737179487179487,0.6228877938912251,6.75,6.114291693288262,7.360067281070712,2017-04-01,7.0,Decreasing,Within 1 std,0.012820512820512775,0
2016-08-01,9,6.983333333333333,0.5872702645599922,7.000000000000001,6.3960630687733415,7.570603597893325,2017-05-01,7.0,Neutral,Within 1 std,0.016666666666667496,0
2016-09-01,9,6.517441860465116,0.530036355551183,6.5,5.987405504913933,7.047478216016299,2017-06-01,6.25,Decreasing,Within 1 std,0.017441860465115866,0
2016-10-01,9,6.2976190476190474,0.4493833689749388,6.375,5.848235678644109,6.747002416593986,2017-07-01,6.25,Neutral,Within 1 std,0.07738095238095255,0
2016-11-01,9,6.172619047619047,0.372401956478903,6.25,5.800217091140143,6.54502100409795,2017-08-01,5.5,Decreasing,Below Mean - 1 std,0.07738095238095344,0
2016-12-01,9,6.172619047619048,0.3923354682262861,6.25,5.780283579392762,6.564954515845335,2017-09-01,5.25,Decreasing,Below Mean - 1 std,0.07738095238095166,0
2017-01-01,9,5.923076923076923,0.34959490727166387,6.0,5.57348201580526,6.272671830348587,2017-10-01,5.25,Neutral,Below Mean - 1 std,0.07692307692307665,0
2017-02-01,9,6.05625,0.3125961390578041,6.0,5.743653860942196,6.368846139057805,2017-11-01,5.0,Decreasing,Below Mean - 1 std,0.056250000000000355,0
2017-03-01,9,5.9125,0.2917124506190194,6.0,5.62078754938098,6.2042124506190195,2017-12-01,4.75,Decreasing,Below Mean - 1 std,0.08750000000000036,0
2017-04-01,9,5.621621621621622,0.33135675230376227,5.5,5.29026486931786,5.952978373925384,2018-01-01,4.75,Neutral,Below Mean - 1 std,0.12162162162162193,0
2017-05-01,9,5.306818181818182,0.29953275805845614,5.25,5.0072854237597255,5.606350939876638,2018-02-01,4.5,Decreasing,Below Mean - 1 std,0.05681818181818166,0
2017-06-01,9,5.095238095238096,0.3310753955487281,5.0,4.764162699689368,5.426313490786824,2018-03-01,4.5,Neutral,Below Mean - 1 std,0.09523809523809579,0
2017-07-01,9,4.725609756097561,0.3526900110613271,4.75,4.372919745036234,5.078299767158888,2018-04-01,4.5,Neutral,Within 1 std,0.024390243902439046,0
2017-08-01,9,4.646341463414634,0.306061726597438,4.5,4.340279736817196,4.952403190012072,2018-05-01,4.25,Decreasing,Below Mean - 1 std,0.14634146341463428,0
2017-09-01,9,4.5375,0.23717082451262853,4.5,4.300329175487371,4.774670824512628,2018-06-01,4.25,Neutral,Below Mean - 1 std,0.037499999999999645,0
2017-10-01,9,4.573863636363636,0.2779678407791081,4.5,4.295895795584528,4.851831477142744,2018-07-01,4.25,Neutral,Below Mean - 1 std,0.0738636363636358,0
2017-11-01,9,4.345238095238095,0.2645312291512728,4.5,4.080706866086822,4.609769324389368,2018-08-01,4.25,Neutral,Within 1 std,0.1547619047619051,0
2017-12-01,9,4.1625,0.22324816592694177,4.25,3.939251834073058,4.385748165926941,2018-09-01,4.25,Neutral,Within 1 std,0.08750000000000036,1
2018-01-01,9,4.146341463414634,0.21633025791091862,4.25,3.9300112055037157,4.362671721325553,2018-10-01,4.25,Neutral,Within 1 std,0.10365853658536572,1
2018-02-28,9,4.207317073170732,0.20079871003375374,4.25,4.006518363136979,4.408115783204486,2018-11-28,4.25,Neutral,Within 1 std,0.042682926829267664,1
2018-03-31,9,4.199999999999999,0.2347939631425921,4.25,3.965206036857407,4.4347939631425914,2018-12-31,4.25,Neutral,Within 1 std,0.05000000000000071,1
2018-04-30,9,4.175,0.22072142786315227,4.25,3.9542785721368476,4.395721427863152,2019-01-30,4.25,Neutral,Within 1 std,0.07500000000000018,1
2018-05-31,9,4.195121951219512,0.24693239916239745,4.25,3.948189552057115,4.44205435038191,2019-02-28,4.25,Neutral,Within 1 std,0.05487804878048763,1
2018-06-30,9,4.34375,0.26965968581500294,4.25,4.074090314184997,4.613409685815003,2019-03-30,4.25,Neutral,Within 1 std,0.09375,1
2018-07-31,9,4.463414634146342,0.26552410207076743,4.5,4.197890532075575,4.728938736217109,2019-04-30,4.25,Neutral,Within 1 std,0.036585365853658125,0
2018-08-31,9,4.475609756097561,0.25498086967935263,4.5,4.220628886418209,4.730590625776913,2019-05-31,4.25,Neutral,Within 1 std,0.024390243902439046,0
2018-09-30,9,4.609756097560976,0.27978105551375393,4.5,4.329975042047222,4.8895371530747305,2019-06-30,4.25,Neutral,Below Mean - 1 std,0.10975609756097615,0
2018-10-31,9,4.664473684210526,0.29794519148091697,4.75,4.366528492729609,4.9624188756914425,2019-07-31,4.25,Neutral,Below Mean - 1 std,0.08552631578947434,0
2018-11-30,9,4.79375,0.32956605112068516,4.75,4.464183948879315,5.123316051120685,2019-08-30,4.25,Neutral,Below Mean - 1 std,0.04375000000000018,0
2018-12-31,9,4.798780487804879,0.2635070693733968,4.75,4.5352734184314825,5.0622875571782755,2019-09-30,4.25,Neutral,Below Mean - 1 std,0.04878048780487898,0
2019-01-31,9,4.7875,0.18388611302679334,4.75,4.603613886973206,4.971386113026793,2019-10-31,4.25,Neutral,Below Mean - 1 std,0.037499999999999645,0
2019-02-28,9,4.7125,0.20839742603853637,4.75,4.504102573961464,4.920897426038537,2019-11-28,4.25,Neutral,Below Mean - 1 std,0.037499999999999645,0
2019-03-31,9,4.5875,0.21595049290199686,4.5,4.3715495070980035,4.803450492901997,2019-12-31,4.25,Neutral,Below Mean - 1 std,0.08750000000000036,0
2019-04-30,9,4.519230769230769,0.25251768687803794,4.5,4.266713082352731,4.771748456108807,2020-01-30,4.25,Neutral,Below Mean - 1 std,0.019230769230769162,0
2019-05-31,9,4.5426829268292686,0.2675259276242563,4.5,4.275156999205012,4.810208854453525,2020-02-29,4.25,Neutral,Below Mean - 1 std,0.04268292682926855,0
2019-06-30,9,4.5256410256410255,0.31306460466436825,4.5,4.212576420976657,4.838705630305394,2020-03-30,3.75,Decreasing,Below Mean - 1 std,0.02564102564102555,0
2019-07-31,9,4.493421052631579,0.3209300362905544,4.5,4.1724910163410245,4.814351088922133,2020-04-30,3.75,Neutral,Below Mean - 1 std,0.00657894736842124,0
2019-08-31,9,4.481707317073171,0.3325575321581543,4.5,4.149149784915017,4.814264849231326,2020-05-31,3.25,Decreasing,Below Mean - 1 std,0.01829268292682862,0
2019-09-30,9,4.468750000000001,0.32614443473358895,4.5,4.142605565266412,4.79489443473359,2020-06-30,2.75,Decreasing,Below Mean - 1 std,0.031249999999999112,0
2019-10-31,9,4.4312499999999995,0.29950546846597914,4.5,4.131744531534021,4.730755468465978,2020-07-31,2.5,Neutral,Below Mean - 1 std,0.06875000000000053,0
2019-11-30,9,4.398809523809525,0.24105664126368442,4.375,4.15775288254584,4.639866165073209,2020-08-30,2.25,Decreasing,Below Mean - 1 std,0.023809523809524613,0
2019-12-31,9,4.376829268292683,0.302303151028816,4.25,4.074526117263867,4.679132419321499,2020-09-30,1.75,Decreasing,Below Mean - 1 std,0.12682926829268304,0
2020-01-31,9,4.378205128205128,0.24915511755649006,4.5,4.129050010648638,4.627360245761618,2020-10-31,1.75,Neutral,Below Mean - 1 std,0.12179487179487225,0
2020-02-29,9,4.353658536585366,0.22343630073872175,4.25,4.130222235846644,4.577094837324087,2020-11-29,1.75,Neutral,Below Mean - 1 std,0.10365853658536572,0
2020-03-31,9,4.2875000000000005,0.2371708245126285,4.25,4.050329175487372,4.524670824512629,2020-12-31,1.75,Neutral,Below Mean - 1 std,0.03750000000000053,0
2020-04-30,9,3.1136363636363638,0.41027291360308404,3.0,2.7033634500332795,3.523909277239448,2021-01-30,1.75,Neutral,Below Mean - 1 std,0.11363636363636376,0
2020-05-31,9,2.4391891891891895,0.3791685229139791,2.5,2.0600206662752103,2.8183577121031687,2021-02-28,1.75,Neutral,Below Mean - 1 std,0.06081081081081052,0
2020-06-30,9,2.3618421052631584,0.40142216951637255,2.25,1.9604199357467857,2.763264274779531,2021-03-30,1.75,Neutral,Below Mean - 1 std,0.11184210526315841,0
2020-07-31,9,2.0961538461538463,0.3068054019339791,2.0,1.789348444219867,2.4029592480878255,2021-04-30,1.75,Neutral,Below Mean - 1 std,0.09615384615384626,0
2020-08-31,9,2.052631578947368,0.23363964179706548,2.0,1.8189919371503027,2.2862712207444336,2021-05-31,1.75,Neutral,Below Mean - 1 std,0.05263157894736814,0
2020-09-30,9,1.9605263157894737,0.26333564409499255,2.0,1.6971906716944811,2.2238619598844664,2021-06-30,1.75,Neutral,Within 1 std,0.03947368421052633,0
2020-10-31,9,1.8378378378378377,0.1689039032365105,1.7500000000000002,1.6689339346013272,2.0067417410743484,2021-07-31,1.75,Neutral,Within 1 std,0.0878378378378375,0
2020-11-30,9,1.8250000000000002,0.19774368283857788,1.7500000000000002,1.6272563171614223,2.022743682838578,2021-08-30,1.75,Neutral,Within 1 std,0.07499999999999996,0
2020-12-31,9,1.8846153846153846,0.25550616589373454,1.7500000000000002,1.62910921872165,2.140121550509119,2021-09-30,1.75,Neutral,Within 1 std,0.13461538461538436,0
2021-01-31,9,1.8841463414634145,0.19443476553533373,1.7500000000000002,1.6897115759280807,2.0785811069987483,2021-10-31,2.0,Neutral,Within 1 std,0.1341463414634143,0
2021-02-28,9,1.8437500000000002,0.20945212414223038,1.7500000000000002,1.6342978758577698,2.0532021241422305,2021-11-28,2.5,Increasing,Above Mean + 1 std,0.09375,0
2021-03-31,9,1.925,0.2606697488177674,1.7500000000000002,1.6643302511822327,2.1856697488177677,2021-12-31,3.0,Increasing,Above Mean + 1 std,0.17499999999999982,0
2021-04-15,9,2.0337837837837838,0.28359156224079407,2.0,1.7501922215429897,2.317375346024578,2022-01-15,3.0,Increasing,Above Mean + 1 std,0.03378378378378377,0
2021-05-14,9,2.125,0.34263486198670534,2.0,1.7823651380132945,2.4676348619867055,2022-02-14,4.0,Increasing,Above Mean + 1 std,0.125,0
2021-06-15,9,2.375,0.3618178577159537,2.25,2.0131821422840463,2.7368178577159537,2022-03-15,4.0,Neutral,Above Mean + 1 std,0.125,0
2021-07-15,9,2.5337837837837838,0.3127063883026462,2.5,2.221077395481138,2.8464901720864297,2022-04-15,5.0,Increasing,Above Mean + 1 std,0.03378378378378377,0
2021-08-13,9,2.8780487804878043,0.3877900173560114,3.0,2.490258763131793,3.2658387978438155,2022-05-13,6.0,Increasing,Above Mean + 1 std,0.12195121951219567,0
2021-09-15,9,3.314102564102564,0.3475380929421752,3.5000000000000004,2.966564471160389,3.661640657044739,2022-06-15,6.0,Neutral,Above Mean + 1 std,0.18589743589743657,0
2021-10-14,9,3.6607142857142874,0.4744105089587002,3.75,3.186303776755587,4.135124794672987,2022-07-14,7.5,Increasing,Above Mean + 1 std,0.08928571428571264,0
2021-11-12,9,4.13690476190476,0.4788272670641139,4.25,3.6580774948406463,4.615732028968874,2022-08-12,9.0,Increasing,Above Mean + 1 std,0.11309523809523991,0
2021-12-14,9,4.687500000000002,0.47281887896708635,4.75,4.214681121032916,5.160318878967088,2022-09-14,9.0,Neutral,Above Mean + 1 std,0.062499999999998224,0
2022-01-14,9,5.197368421052633,0.6210221922766869,5.25,4.576346228775946,5.81839061332932,2022-10-14,10.0,Increasing,Above Mean + 1 std,0.05263157894736725,0
2022-02-15,9,6.65625,0.6995591560550921,6.5,5.956690843944908,7.355809156055092,2022-11-15,11.0,Increasing,Above Mean + 1 std,0.15625,0
2022-03-15,9,7.2195121951219505,0.696408469289081,7.000000000000001,6.523103725832869,7.915920664411032,2022-12-15,11.0,Neutral,Above Mean + 1 std,0.21951219512194964,0
2022-04-11,9,7.572368421052632,0.46100615116096927,7.5,7.1113622698916625,8.033374572213601,2023-01-11,12.0,Increasing,Above Mean + 1 std,0.07236842105263186,0
2022-05-13,9,8.159722222222223,0.5860057830583054,8.0,7.573716439163918,8.74572800528053,2023-02-13,12.75,Increasing,Above Mean + 1 std,0.1597222222222232,0
2022-06-15,9,8.273809523809524,0.702368648881394,8.0,7.57144087492813,8.976178172690918,2023-03-15,12.75,Neutral,Above Mean + 1 std,0.2738095238095237,0
2022-07-14,9,8.878947368421048,0.8757723679120578,9.0,8.00317500050899,9.754719736333106,2023-04-14,13.0,Increasing,Above Mean + 1 std,0.12105263157895152,0
2022-08-12,9,9.750000000000004,0.8429272304235242,10.0,8.90707276957648,10.592927230423527,2023-05-12,13.25,Increasing,Above Mean + 1 std,0.24999999999999645,0
2022-09-14,9,10.256578947368421,1.0058726917345158,10.0,9.250706255633906,11.262451639102936,2023-06-14,,,Below Mean - 1 std,0.25657894736842124,0
2022-10-14,9,10.070512820512821,1.169723198741229,10.0,8.900789621771592,11.24023601925405,2023-07-14,,,Below Mean - 1 std,0.07051282051282115,0
2022-11-15,9,10.83088235294118,1.1897933807052419,11.0,9.641088972235938,12.02067573364642,2023-08-15,,,Below Mean - 1 std,0.1691176470588207,0
2022-12-13,9,10.654411764705882,0.830331044520052,10.625,9.82408072018583,11.484742809225935,2023-09-13,,,Below Mean - 1 std,0.02941176470588225,0
2023-01-13,9,10.892857142857142,1.041925738091482,11.0,9.85093140476566,11.934782880948624,2023-10-13,,,Below Mean - 1 std,0.10714285714285765,0
2023-02-14,9,11.47972972972973,1.1309693150530618,11.5,10.348760414676669,12.610699044782791,2023-11-14,,,Below Mean - 1 std,0.020270270270270174,0
2023-03-15,9,11.17361111111111,1.1065058331207112,11.0,10.0671052779904,12.280116944231821,2023-12-15,,,Below Mean - 1 std,0.17361111111111072,0
2023-04-14,9,10.916666666666668,1.2194175522218287,11.0,9.697249114444839,12.136084218888497,2024-01-14,,,Below Mean - 1 std,0.08333333333333215,0
2023-05-15,9,11.21527777777778,1.1924655996502374,11.125,10.022812178127543,12.407743377428018,2024-02-15,,,Below Mean - 1 std,0.09027777777778034,0
2014-07-01,11,4.981707317073171,0.41604628612105404,5.0,4.565661030952118,5.397753603194225,2015-06-01,4.5,Neutral,Below Mean - 1 std,0.01829268292682862,0
2014-08-01,11,5.019230769230769,0.35067892508963855,5.0,4.66855184414113,5.369909694320408,2015-07-01,4.5,Neutral,Below Mean - 1 std,0.019230769230769162,0
2014-09-01,11,5.042682926829268,0.31075733611810274,5.0,4.731925590711165,5.3534402629473705,2015-08-01,4.5,Neutral,Below Mean - 1 std,0.042682926829267664,0
2014-10-01,11,4.901315789473684,0.28792989999567964,5.0,4.613385889478004,5.189245689469364,2015-09-01,4.5,Neutral,Below Mean - 1 std,0.09868421052631593,0
2014-11-01,11,4.735714285714286,0.3635145899999849,4.75,4.372199695714301,5.099228875714271,2015-10-01,4.75,Increasing,Within 1 std,0.014285714285714235,1
2014-12-01,11,4.418918918918919,0.3064925573120621,4.5,4.1124263616068575,4.725411476230981,2015-11-01,4.75,Neutral,Above Mean + 1 std,0.0810810810810807,0
2015-01-01,11,4.384146341463414,0.3216051586165564,4.5,4.062541182846858,4.705751500079971,2015-12-01,5.5,Increasing,Above Mean + 1 std,0.11585365853658569,0
2015-02-01,11,4.2559523809523805,0.2894912233709803,4.375,3.9664611575814,4.545443604323361,2016-01-01,5.75,Increasing,Above Mean + 1 std,0.11904761904761951,0
2015-03-01,11,4.303571428571428,0.4151686194528642,4.5,3.888402809118564,4.7187400480242925,2016-02-01,6.0,Increasing,Above Mean + 1 std,0.19642857142857206,0
2015-04-01,11,4.2439024390243905,0.4126431754481118,4.25,3.8312592635762788,4.656545614472503,2016-03-01,6.25,Increasing,Above Mean + 1 std,0.0060975609756095395,0
2015-05-01,11,4.1937500000000005,0.39826345809185415,4.25,3.7954865419081463,4.592013458091855,2016-04-01,6.5,Increasing,Above Mean + 1 std,0.05624999999999947,0
2015-06-01,11,4.163414634146342,0.4241203234702244,4.0,3.739294310676118,4.587534957616566,2016-05-01,6.5,Neutral,Above Mean + 1 std,0.16341463414634205,0
2015-07-01,11,4.142045454545454,0.461915020602197,4.25,3.680130433943257,4.603960475147651,2016-06-01,7.25,Increasing,Above Mean + 1 std,0.10795454545454586,0
2015-08-01,11,4.35,0.4928982835725014,4.5,3.8571017164274983,4.842898283572501,2016-07-01,7.5,Increasing,Above Mean + 1 std,0.15000000000000036,0
2015-09-01,11,4.420731707317073,0.5685481080959744,4.5,3.8521835992210987,4.989279815413048,2016-08-01,7.75,Increasing,Above Mean + 1 std,0.07926829268292668,0
2015-10-01,11,4.75,0.5477225575051653,4.75,4.202277442494835,5.297722557505165,2016-09-01,7.75,Neutral,Above Mean + 1 std,0.0,0
2015-11-01,11,5.175000000000001,0.6076436202502001,5.25,4.567356379749801,5.782643620250201,2016-10-01,7.75,Neutral,Above Mean + 1 std,0.07499999999999929,0
2015-12-01,11,5.5058139534883725,0.6135580562359949,5.5,4.892255897252378,6.119372009724367,2016-11-01,7.75,Neutral,Above Mean + 1 std,0.0058139534883725474,0
2016-01-01,11,5.952380952380952,0.5127582491460898,6.0,5.439622703234862,6.465139201527041,2016-12-01,7.75,Neutral,Above Mean + 1 std,0.04761904761904834,0
2016-02-01,11,6.226190476190475,0.5571309448084723,6.25,5.669059531382003,6.783321420998948,2017-01-01,7.5,Decreasing,Above Mean + 1 std,0.023809523809524613,0
2016-03-01,11,6.191860465116279,0.5256436227727712,6.0,5.666216842343507,6.717504087889051,2017-02-01,7.5,Neutral,Above Mean + 1 std,0.19186046511627897,0
2016-04-01,11,6.34875,0.565287253957826,6.25,5.783462746042174,6.914037253957826,2017-03-01,7.25,Decreasing,Above Mean + 1 std,0.0987499999999999,0
2016-05-01,11,6.263157894736842,0.6094619038408274,6.25,5.653695990896014,6.872619798577669,2017-04-01,7.0,Decreasing,Above Mean + 1 std,0.013157894736841591,0
2016-06-01,11,6.347560975609756,0.6419648763281559,6.25,5.705596099281601,6.989525851937912,2017-05-01,7.0,Neutral,Above Mean + 1 std,0.09756097560975618,0
2016-07-01,11,6.384615384615386,0.6459543985609534,6.25,5.738660986054432,7.03056978317634,2017-06-01,6.25,Decreasing,Within 1 std,0.1346153846153859,1
2016-08-01,11,6.611111111111111,0.599610563851929,6.5,6.011500547259182,7.21072167496304,2017-07-01,6.25,Neutral,Within 1 std,0.11111111111111072,0
2016-09-01,11,6.244186046511628,0.4954806831953312,6.25,5.748705363316297,6.7396667297069595,2017-08-01,5.5,Decreasing,Below Mean - 1 std,0.005813953488371659,0
2016-10-01,11,6.0059523809523805,0.44683198961736387,6.0,5.559120391335017,6.452784370569744,2017-09-01,5.25,Decreasing,Below Mean - 1 std,0.005952380952380487,0
2016-11-01,11,5.928571428571429,0.39542241339790235,6.0,5.533149015173526,6.323993841969331,2017-10-01,5.25,Neutral,Below Mean - 1 std,0.07142857142857117,0
2016-12-01,11,6.071428571428572,0.39925889533637987,6.0,5.672169676092192,6.470687466764952,2017-11-01,5.0,Decreasing,Below Mean - 1 std,0.07142857142857206,0
2017-01-01,11,5.903846153846153,0.3275476291972091,6.0,5.576298524648944,6.231393783043362,2017-12-01,4.75,Decreasing,Below Mean - 1 std,0.0961538461538467,0
2017-02-01,11,5.9625,0.27473763708448984,6.0,5.68776236291551,6.23723763708449,2018-01-01,4.75,Neutral,Below Mean - 1 std,0.037499999999999645,0
2017-03-01,11,5.71875,0.3110543484542656,5.75,5.407695651545734,6.029804348454266,2018-02-01,4.5,Decreasing,Below Mean - 1 std,0.03125,0
2017-04-01,11,5.465277777777778,0.38337215124367885,5.5,5.081905626534099,5.848649929021456,2018-03-01,4.5,Neutral,Below Mean - 1 std,0.03472222222222232,0
2017-05-01,11,5.085227272727273,0.31871463241169085,5.0,4.766512640315582,5.403941905138964,2018-04-01,4.5,Neutral,Below Mean - 1 std,0.08522727272727337,0
2017-06-01,11,4.958333333333333,0.3399994021993786,5.0,4.618333931133955,5.2983327355327114,2018-05-01,4.25,Decreasing,Below Mean - 1 std,0.04166666666666696,0
2017-07-01,11,4.634146341463414,0.37122079420310017,4.5,4.2629255472603145,5.005367135666514,2018-06-01,4.25,Neutral,Below Mean - 1 std,0.1341463414634143,0
2017-08-01,11,4.603658536585366,0.3707071357389885,4.5,4.232951400846377,4.974365672324354,2018-07-01,4.25,Neutral,Within 1 std,0.10365853658536572,0
2017-09-01,11,4.531249999999999,0.26667167463246266,4.5,4.264578325367537,4.7979216746324616,2018-08-01,4.25,Neutral,Below Mean - 1 std,0.031249999999999112,0
2017-10-01,11,4.556818181818182,0.2794493982340299,4.5,4.277368783584151,4.836267580052212,2018-09-01,4.25,Neutral,Below Mean - 1 std,0.05681818181818166,0
2017-11-01,11,4.333333333333334,0.2686158438080584,4.5,4.064717489525275,4.6019491771413925,2018-10-01,4.25,Neutral,Within 1 std,0.16666666666666607,0
2017-12-01,11,4.175,0.25444761689508805,4.25,3.9205523831049116,4.429447616895088,2018-11-01,4.25,Neutral,Within 1 std,0.07500000000000018,1
2018-01-01,11,4.166666666666666,0.23208142669736814,4.25,3.934585239969298,4.398748093364034,2018-12-01,4.25,Neutral,Within 1 std,0.08333333333333393,1
2018-02-28,11,4.2250000000000005,0.22503560971771927,4.25,3.9999643902822815,4.45003560971772,2019-01-28,4.25,Neutral,Within 1 std,0.024999999999999467,1
2018-03-31,11,4.243421052631579,0.24991107949211855,4.25,3.99350997313946,4.493332132123697,2019-02-28,4.25,Neutral,Within 1 std,0.00657894736842124,1
2018-04-30,11,4.2625,0.30982832301710184,4.25,3.9526716769828982,4.572328323017102,2019-03-30,4.25,Neutral,Within 1 std,0.012500000000000178,1
2018-05-31,11,4.317073170731708,0.3623895963078894,4.25,3.954683574423818,4.679462767039597,2019-04-30,4.25,Neutral,Within 1 std,0.0670731707317076,1
2018-06-30,11,4.3999999999999995,0.36162028533978935,4.5,4.03837971466021,4.761620285339789,2019-05-30,4.25,Neutral,Within 1 std,0.10000000000000053,0
2018-07-31,11,4.55952380952381,0.3570266942329218,4.5,4.202497115290888,4.916550503756732,2019-06-30,4.25,Neutral,Within 1 std,0.0595238095238102,0
2018-08-31,11,4.652439024390244,0.36175807169851,4.75,4.2906809526917336,5.014197096088754,2019-07-31,4.25,Neutral,Below Mean - 1 std,0.09756097560975618,0
2018-09-30,11,4.668750000000001,0.31208305518456647,4.75,4.3566669448154345,4.980833055184568,2019-08-30,4.25,Neutral,Below Mean - 1 std,0.08124999999999893,0
2018-10-31,11,4.743421052631579,0.3209300362905545,4.75,4.4224910163410245,5.064351088922133,2019-09-30,4.25,Neutral,Below Mean - 1 std,0.00657894736842124,0
2018-11-30,11,4.90625,0.39503123862193396,4.875,4.511218761378066,5.301281238621934,2019-10-30,4.25,Neutral,Below Mean - 1 std,0.03125,0
2018-12-31,11,4.825,0.28419928002940265,4.75,4.540800719970598,5.109199280029403,2019-11-30,4.25,Neutral,Below Mean - 1 std,0.07500000000000018,0
2019-01-31,11,4.825,0.18081014266989487,4.75,4.6441898573301055,5.005810142669895,2019-12-31,4.25,Neutral,Below Mean - 1 std,0.07500000000000018,0
2019-02-28,11,4.782894736842104,0.21094264488483594,4.75,4.571952091957268,4.993837381726941,2020-01-28,4.25,Neutral,Below Mean - 1 std,0.03289473684210442,0
2019-03-31,11,4.621794871794871,0.2424640157227004,4.75,4.379330856072171,4.864258887517572,2020-02-29,4.25,Neutral,Below Mean - 1 std,0.12820512820512864,0
2019-04-30,11,4.647435897435898,0.2733680567786526,4.75,4.374067840657245,4.92080395421455,2020-03-30,3.75,Decreasing,Below Mean - 1 std,0.1025641025641022,0
2019-05-31,11,4.68125,0.2654670533423237,4.75,4.415782946657677,4.946717053342324,2020-04-30,3.75,Neutral,Below Mean - 1 std,0.06874999999999964,0
2019-06-30,11,4.564102564102565,0.3330379933179582,4.5,4.231064570784606,4.897140557420523,2020-05-30,3.25,Decreasing,Below Mean - 1 std,0.06410256410256476,0
2019-07-31,11,4.552631578947368,0.39058988106712905,4.5,4.162041697880239,4.943221460014497,2020-06-30,2.75,Decreasing,Below Mean - 1 std,0.05263157894736814,0
2019-08-31,11,4.560975609756098,0.38234673320200324,4.5,4.178628876554095,4.943322342958101,2020-07-31,2.5,Neutral,Below Mean - 1 std,0.06097560975609806,0
2019-09-30,11,4.49375,0.34197531399885484,4.5,4.151774686001145,4.835725313998855,2020-08-30,2.25,Decreasing,Below Mean - 1 std,0.006249999999999645,0
2019-10-31,11,4.45,0.3262058497486769,4.5,4.123794150251324,4.776205849748677,2020-09-30,1.75,Decreasing,Below Mean - 1 std,0.04999999999999982,0
2019-11-30,11,4.428571428571429,0.2776519265816369,4.5,4.150919501989792,4.706223355153066,2020-10-30,1.75,Neutral,Below Mean - 1 std,0.07142857142857117,0
2019-12-31,11,4.376829268292683,0.31246951070776674,4.25,4.064359757584916,4.68929877900045,2020-11-30,1.75,Neutral,Below Mean - 1 std,0.12682926829268304,0
2020-01-31,11,4.3881578947368425,0.2445166800606464,4.5,4.1436412146761965,4.6326745747974885,2020-12-31,1.75,Neutral,Below Mean - 1 std,0.11184210526315752,0
2020-02-29,11,4.406249999999999,0.2574996888223163,4.5,4.1487503111776824,4.663749688822316,2021-01-29,1.75,Neutral,Below Mean - 1 std,0.09375000000000089,0
2020-03-31,11,4.296052631578948,0.2386282812545681,4.25,4.057424350324379,4.534680912833516,2021-02-28,1.75,Neutral,Below Mean - 1 std,0.04605263157894779,0
2020-04-30,11,3.204545454545454,0.4696014993394061,3.25,2.734943955206048,3.6741469538848603,2021-03-30,1.75,Neutral,Below Mean - 1 std,0.04545454545454586,0
2020-05-31,11,2.5486111111111107,0.458333333333333,2.5,2.0902777777777777,3.0069444444444438,2021-04-30,1.75,Neutral,Below Mean - 1 std,0.048611111111110716,0
2020-06-30,11,2.4210526315789473,0.4580557588723569,2.25,1.9629968727065905,2.879108390451304,2021-05-30,1.75,Neutral,Below Mean - 1 std,0.17105263157894735,0
2020-07-31,11,2.198717948717949,0.39810194070825816,2.0,1.8006160080096907,2.596819889426207,2021-06-30,1.75,Neutral,Below Mean - 1 std,0.1987179487179489,0
2020-08-31,11,2.1513157894736836,0.32642346110561715,2.0,1.8248923283680665,2.477739250579301,2021-07-31,1.75,Neutral,Below Mean - 1 std,0.15131578947368363,0
2020-09-30,11,2.0394736842105265,0.35128295646811375,2.0,1.6881907277424129,2.3907566406786405,2021-08-30,1.75,Neutral,Within 1 std,0.03947368421052655,0
2020-10-31,11,1.925675675675676,0.26916063502571724,1.7500000000000002,1.656515040649959,2.1948363107013935,2021-09-30,1.75,Neutral,Within 1 std,0.17567567567567588,0
2020-11-30,11,1.9875,0.27121521400484205,2.0,1.716284785995158,2.258715214004842,2021-10-30,2.0,Increasing,Within 1 std,0.012499999999999956,1
2020-12-31,11,2.0,0.3088603840606711,2.0,1.6911396159393288,2.308860384060671,2021-11-30,2.5,Increasing,Above Mean + 1 std,0.0,0
2021-01-31,11,1.982142857142857,0.283665344860038,2.0,1.6984775122828188,2.265808202002895,2021-12-31,3.0,Increasing,Above Mean + 1 std,0.017857142857143016,0
2021-02-28,11,2.0067567567567566,0.2915862179913902,2.0,1.7151705387653664,2.298342974748147,2022-01-28,3.0,Neutral,Above Mean + 1 std,0.006756756756756577,0
2021-03-31,11,2.0263157894736845,0.30084045383371116,2.0,1.7254753356399735,2.3271562433073956,2022-02-28,4.0,Increasing,Above Mean + 1 std,0.026315789473684514,0
2021-04-15,11,2.1527777777777772,0.3177924849521516,2.0,1.8349852928256256,2.470570262729929,2022-03-15,4.0,Neutral,Above Mean + 1 std,0.15277777777777724,0
2021-05-14,11,2.4121621621621623,0.36427351701049476,2.25,2.0478886451516676,2.776435679172657,2022-04-14,5.0,Increasing,Above Mean + 1 std,0.16216216216216228,0
2021-06-15,11,2.52027027027027,0.37904475319535147,2.5,2.141225517074919,2.8993150234656215,2022-05-15,6.0,Increasing,Above Mean + 1 std,0.020270270270270174,0
2021-07-15,11,2.72972972972973,0.3650455564148923,2.75,2.3646841733148376,3.094775286144622,2022-06-15,6.0,Neutral,Above Mean + 1 std,0.020270270270270174,0
2021-08-13,11,3.189024390243902,0.48983571163222045,3.25,2.6991886786116814,3.6788601018761224,2022-07-13,7.5,Increasing,Above Mean + 1 std,0.06097560975609806,0
2021-09-15,11,3.4679487179487185,0.3981019407082581,3.5000000000000004,3.0698467772404605,3.8660506586569765,2022-08-15,9.0,Increasing,Above Mean + 1 std,0.03205128205128194,0
2021-10-14,11,3.8353658536585367,0.49563644721194394,4.0,3.3397294064465926,4.33100230087048,2022-09-14,9.0,Neutral,Above Mean + 1 std,0.16463414634146334,0
2021-11-12,11,4.36309523809524,0.4724171786763035,4.5,3.8906780594189363,4.835512416771543,2022-10-12,10.0,Increasing,Above Mean + 1 std,0.13690476190476009,0
2021-12-14,11,4.756250000000002,0.5015600661934718,4.75,4.254689933806531,5.257810066193474,2022-11-14,11.0,Increasing,Above Mean + 1 std,0.006250000000002309,0
2022-01-14,11,5.230263157894738,0.6508351675829535,5.5,4.5794279903117845,5.881098325477692,2022-12-14,11.0,Neutral,Above Mean + 1 std,0.26973684210526194,0
2022-02-15,11,6.547297297297297,0.6477467296913398,6.5,5.899550567605957,7.195044026988637,2023-01-15,12.0,Increasing,Above Mean + 1 std,0.04729729729729737,0
2022-03-15,11,7.11842105263158,0.7230211626964802,7.000000000000001,6.395399889935099,7.84144221532806,2023-02-15,12.75,Increasing,Above Mean + 1 std,0.11842105263157876,0
2022-04-11,11,7.328947368421053,0.5486631885340467,7.249999999999999,6.780284179887007,7.8776105569551,2023-03-11,12.75,Neutral,Above Mean + 1 std,0.07894736842105399,0
2022-05-13,11,7.730555555555557,0.8413660472094328,7.75,6.889189508346124,8.57192160276499,2023-04-13,13.0,Increasing,Above Mean + 1 std,0.019444444444443043,0
2022-06-15,11,8.041666666666664,0.8243931002500183,8.0,7.217273566416646,8.866059766916683,2023-05-15,13.25,Increasing,Above Mean + 1 std,0.0416666666666643,0
2022-07-14,11,8.535526315789472,0.9440358942111577,8.5,7.591490421578314,9.47956221000063,2023-06-14,,,Below Mean - 1 std,0.03552631578947185,0
2022-08-12,11,9.044871794871796,1.0557982058859179,9.0,7.989073588985878,10.100670000757713,2023-07-12,,,Below Mean - 1 std,0.0448717948717956,0
2022-09-14,11,9.782894736842108,1.0577434111140938,9.75,8.725151325728014,10.840638147956202,2023-08-14,,,Below Mean - 1 std,0.032894736842107974,0
2022-10-14,11,9.339743589743591,1.1802753630079779,9.5,8.159468226735614,10.520018952751569,2023-09-14,,,Below Mean - 1 std,0.1602564102564088,0
2022-11-15,11,9.602941176470592,1.1760192984701778,9.625,8.426921878000414,10.77896047494077,2023-10-15,,,Below Mean - 1 std,0.02205882352940769,0
2022-12-13,11,9.948529411764707,0.8089916370431183,10.0,9.139537774721589,10.757521048807824,2023-11-13,,,Below Mean - 1 std,0.05147058823529349,0
2023-01-13,11,10.083333333333334,1.1417405259389806,10.0,8.941592807394354,11.225073859272314,2023-12-13,,,Below Mean - 1 std,0.08333333333333393,0
2023-02-14,11,10.271428571428572,1.1778773102420992,10.0,9.093551261186473,11.449305881670671,2024-01-14,,,Below Mean - 1 std,0.27142857142857224,0
2023-03-15,11,10.643939393939396,1.1826055433711213,10.5,9.461333850568275,11.826544937310517,2024-02-15,,,Below Mean - 1 std,0.14393939393939625,0
2023-04-14,11,10.265625000000002,1.3424482629545322,10.0,8.92317673704547,11.608073262954534,2024-03-14,,,Below Mean - 1 std,0.2656250000000018,0
2023-05-15,11,9.972222222222221,1.4277577047566858,9.75,8.544464517465535,11.399979926978908,2024-04-15,,,Below Mean - 1 std,0.22222222222222143,0
